id,name,source_id,url
1,"renal cell carcinoma",2,https://www.webmd.com/drugs/2/condition-450/renal%20cell%20carcinoma
2,"raynaud's phenomenon",2,https://www.webmd.com/drugs/2/condition-1646/raynaud's%20phenomenon
3,"duodenal ulcer",2,https://www.webmd.com/drugs/2/condition-2024/duodenal%20ulcer
4,"multifocal atrial tachycardia",2,https://www.webmd.com/drugs/2/condition-5281/multifocal%20atrial%20tachycardia
5,"prevention of anginal pain associated with vasospastic angina",2,https://www.webmd.com/drugs/2/condition-14913/prevention%20of%20anginal%20pain%20associated%20with%20vasospastic%20angina
6,"renal osteodystrophy with hyperphosphatemia",2,https://www.webmd.com/drugs/2/condition-2264/renal%20osteodystrophy%20with%20hyperphosphatemia
7,"ulcerative proctitis",2,https://www.webmd.com/drugs/2/condition-2088/ulcerative%20proctitis
8,"superficial basal cell carcinoma",2,https://www.webmd.com/drugs/2/condition-441/superficial%20basal%20cell%20carcinoma
9,"smoking cessation",2,https://www.webmd.com/drugs/2/condition-11008/smoking%20cessation
10,"opioid withdrawal symptoms",2,https://www.webmd.com/drugs/2/condition-926/opioid%20withdrawal%20symptoms
11,"supraventricular arrhythmias",2,https://www.webmd.com/drugs/2/condition-1575/supraventricular%20arrhythmias
12,"ventricular tachycardia",2,https://www.webmd.com/drugs/2/condition-1543/ventricular%20tachycardia
13,"prevention of anginal pain associated with coronary artery disease",2,https://www.webmd.com/drugs/2/condition-14914/prevention%20of%20anginal%20pain%20associated%20with%20coronary%20artery%20disease
14,"paroxysmal atrial tachycardia",2,https://www.webmd.com/drugs/2/condition-1539/paroxysmal%20atrial%20tachycardia
15,"refractory aspergillosis",2,https://www.webmd.com/drugs/2/condition-345/refractory%20aspergillosis
16,"benign prostatic hyperplasia with lower urinary tract symptom",2,https://www.webmd.com/drugs/2/condition-2362/benign%20prostatic%20hyperplasia%20with%20lower%20urinary%20tract%20symptom
17,"metastatic prostate carcinoma",2,https://www.webmd.com/drugs/2/condition-538/metastatic%20prostate%20carcinoma
18,"small cell lung carcinoma",2,https://www.webmd.com/drugs/2/condition-522/small%20cell%20lung%20carcinoma
19,"respiratory cystic fibrosis with pseudomonas aeruginosa colonization",2,https://www.webmd.com/drugs/2/condition-14007/respiratory%20cystic%20fibrosis%20with%20pseudomonas%20aeruginosa%20colonization
20,"erectile dysfunction",2,https://www.webmd.com/drugs/2/condition-2383/erectile%20dysfunction
21,"mixed epilepsy",2,https://www.webmd.com/drugs/2/condition-1107/mixed%20epilepsy
22,"medullary thyroid carcinoma",2,https://www.webmd.com/drugs/2/condition-14002/medullary%20thyroid%20carcinoma
23,"renal colic",2,https://www.webmd.com/drugs/2/condition-3250/renal%20colic
24,"postoperative acute pain",2,https://www.webmd.com/drugs/2/condition-3081/postoperative%20acute%20pain
25,"pancreatic neuroendocrine tumor",2,https://www.webmd.com/drugs/2/condition-14067/pancreatic%20neuroendocrine%20tumor
26,"soft or connective tissue sarcoma",2,https://www.webmd.com/drugs/2/condition-433/soft%20or%20connective%20tissue%20sarcoma
27,"prevention of ocular surgery-induced miosis",2,https://www.webmd.com/drugs/2/condition-13455/prevention%20of%20ocular%20surgery-induced%20miosis
28,"osteoarthritis of the knee",2,https://www.webmd.com/drugs/2/condition-2810/osteoarthritis%20of%20the%20knee
29,"rheumatoid arthritis",2,https://www.webmd.com/drugs/2/condition-2805/rheumatoid%20arthritis
30,"primary hypogonadism due to bilateral torsion of testes",2,https://www.webmd.com/drugs/2/condition-649/primary%20hypogonadism%20due%20to%20bilateral%20torsion%20of%20testes
31,"crohn's disease",2,https://www.webmd.com/drugs/2/condition-2084/crohn's%20disease
32,"stevens-johnson syndrome",2,https://www.webmd.com/drugs/2/condition-2665/stevens-johnson%20syndrome
33,"diaper rash",2,https://www.webmd.com/drugs/2/condition-2629/diaper%20rash
34,"denture stomatitis",2,https://www.webmd.com/drugs/2/condition-1983/denture%20stomatitis
35,"chronic hepatitis c - genotype 6",2,https://www.webmd.com/drugs/2/condition-14334/chronic%20hepatitis%20c%20-%20genotype%206
36,"reflux esophagitis",2,https://www.webmd.com/drugs/2/condition-1992/reflux%20esophagitis
37,"adjuvant treatment of melanoma",2,https://www.webmd.com/drugs/2/condition-14060/adjuvant%20treatment%20of%20melanoma
38,"anxiety with depression",2,https://www.webmd.com/drugs/2/condition-978/anxiety%20with%20depression
39,"exercise-induced bronchospasm prevention",2,https://www.webmd.com/drugs/2/condition-1922/exercise-induced%20bronchospasm%20prevention
40,"symptomatic congenital syphilis",2,https://www.webmd.com/drugs/2/condition-249/symptomatic%20congenital%20syphilis
41,"ocular rosacea",2,https://www.webmd.com/drugs/2/condition-1288/ocular%20rosacea
42,edema,2,https://www.webmd.com/drugs/2/condition-3125/edema
43,"otitis externa seborrhea",2,https://www.webmd.com/drugs/2/condition-1373/otitis%20externa%20seborrhea
44,"otitis externa",2,https://www.webmd.com/drugs/2/condition-1368/otitis%20externa
45,"sprains and strains",2,https://www.webmd.com/drugs/2/condition-8466/sprains%20and%20strains
46,"skin and skin structure peptostreptococcus infection",2,https://www.webmd.com/drugs/2/condition-2605/skin%20and%20skin%20structure%20peptostreptococcus%20infection
47,"bacterial vaginosis",2,https://www.webmd.com/drugs/2/condition-2473/bacterial%20vaginosis
48,"duodenal ulcer due to h. pylori",2,https://www.webmd.com/drugs/2/condition-2025/duodenal%20ulcer%20due%20to%20h.%20pylori
49,"primary prevention of coronary heart disease",2,https://www.webmd.com/drugs/2/condition-8595/primary%20prevention%20of%20coronary%20heart%20disease
50,"muscle spasm",2,https://www.webmd.com/drugs/2/condition-2855/muscle%20spasm
51,"herpes simplex dendritic keratitis",2,https://www.webmd.com/drugs/2/condition-179/herpes%20simplex%20dendritic%20keratitis
52,"doxorubicin-induced cardiomyopathy",2,https://www.webmd.com/drugs/2/condition-1515/doxorubicin-induced%20cardiomyopathy
53,"hiv infection",2,https://www.webmd.com/drugs/2/condition-157/hiv%20infection
54,"severe recalcitrant psoriasis",2,https://www.webmd.com/drugs/2/condition-2685/severe%20recalcitrant%20psoriasis
55,"septic shock",2,https://www.webmd.com/drugs/2/condition-3185/septic%20shock
56,"synovitis due to osteoarthritis",2,https://www.webmd.com/drugs/2/condition-2813/synovitis%20due%20to%20osteoarthritis
57,"systemic lupus erythematosus",2,https://www.webmd.com/drugs/2/condition-2775/systemic%20lupus%20erythematosus
58,synovitis,2,https://www.webmd.com/drugs/2/condition-4387/synovitis
59,"status asthmaticus",2,https://www.webmd.com/drugs/2/condition-1860/status%20asthmaticus
60,"acne rosacea",2,https://www.webmd.com/drugs/2/condition-2670/acne%20rosacea
61,"acne vulgaris",2,https://www.webmd.com/drugs/2/condition-2731/acne%20vulgaris
62,acromegaly,2,https://www.webmd.com/drugs/2/condition-613/acromegaly
63,"prevention of recurrent atrial fibrillation",2,https://www.webmd.com/drugs/2/condition-13390/prevention%20of%20recurrent%20atrial%20fibrillation
64,"actinic keratosis",2,https://www.webmd.com/drugs/2/condition-2708/actinic%20keratosis
65,"severe recalcitrant nodular acne",2,https://www.webmd.com/drugs/2/condition-12550/severe%20recalcitrant%20nodular%20acne
66,"neuromyelitis optica spectrum disorder with anti-aquaporin-4 (aqp4) antibodies",2,https://www.webmd.com/drugs/2/condition-14973/neuromyelitis%20optica%20spectrum%20disorder%20with%20anti-aquaporin-4%20(aqp4)%20antibodies
67,"endometrial carcinoma",2,https://www.webmd.com/drugs/2/condition-534/endometrial%20carcinoma
68,"sleep maintenance insomnia with 4 hours sleep time remaining",2,https://www.webmd.com/drugs/2/condition-14145/sleep%20maintenance%20insomnia%20with%204%20hours%20sleep%20time%20remaining
69,"severe chronic pain with opioid tolerance",2,https://www.webmd.com/drugs/2/condition-15116/severe%20chronic%20pain%20with%20opioid%20tolerance
70,"sleep-onset insomnia",2,https://www.webmd.com/drugs/2/condition-13938/sleep-onset%20insomnia
71,"prevention of liver transplant rejection",2,https://www.webmd.com/drugs/2/condition-3402/prevention%20of%20liver%20transplant%20rejection
72,"partial epilepsy treatment adjunct",2,https://www.webmd.com/drugs/2/condition-13508/partial%20epilepsy%20treatment%20adjunct
73,migraine,2,https://www.webmd.com/drugs/2/condition-1116/migraine
74,"endometrial ablation adjunct",2,https://www.webmd.com/drugs/2/condition-2570/endometrial%20ablation%20adjunct
75,"suppression of recurrent herpes simplex infection",2,https://www.webmd.com/drugs/2/condition-176/suppression%20of%20recurrent%20herpes%20simplex%20infection
76,"recurrent herpes simplex labialis",2,https://www.webmd.com/drugs/2/condition-11655/recurrent%20herpes%20simplex%20labialis
77,"staphylococcal septicemia",2,https://www.webmd.com/drugs/2/condition-93/staphylococcal%20septicemia
78,"skin and skin structure anaerobic infection",2,https://www.webmd.com/drugs/2/condition-2626/skin%20and%20skin%20structure%20anaerobic%20infection
79,"streptococcal septicemia",2,https://www.webmd.com/drugs/2/condition-92/streptococcal%20septicemia
80,"streptococcal pneumonia",2,https://www.webmd.com/drugs/2/condition-1804/streptococcal%20pneumonia
81,"suicidal behavior in schizoaffective disorder",2,https://www.webmd.com/drugs/2/condition-10904/suicidal%20behavior%20in%20schizoaffective%20disorder
82,"spinal anesthesia",2,https://www.webmd.com/drugs/2/condition-4043/spinal%20anesthesia
83,rhinorrhea,2,https://www.webmd.com/drugs/2/condition-4249/rhinorrhea
84,"seasonal allergic rhinitis",2,https://www.webmd.com/drugs/2/condition-5429/seasonal%20allergic%20rhinitis
85,"chronic idiopathic urticaria",2,https://www.webmd.com/drugs/2/condition-2743/chronic%20idiopathic%20urticaria
86,"streptococcus pneumoniae bronchitis",2,https://www.webmd.com/drugs/2/condition-1839/streptococcus%20pneumoniae%20bronchitis
87,"pneumococcal pneumonia",2,https://www.webmd.com/drugs/2/condition-1796/pneumococcal%20pneumonia
88,sneezing,2,https://www.webmd.com/drugs/2/condition-3174/sneezing
89,"skin inflammation",2,https://www.webmd.com/drugs/2/condition-2592/skin%20inflammation
90,"staphylococcus saprophyticus urinary tract infection",2,https://www.webmd.com/drugs/2/condition-2349/staphylococcus%20saprophyticus%20urinary%20tract%20infection
91,"e. coli cystitis",2,https://www.webmd.com/drugs/2/condition-2300/e.%20coli%20cystitis
92,"enterococcus faecalis urinary tract infection",2,https://www.webmd.com/drugs/2/condition-9388/enterococcus%20faecalis%20urinary%20tract%20infection
93,"moderate to severe plaque psoriasis",2,https://www.webmd.com/drugs/2/condition-13956/moderate%20to%20severe%20plaque%20psoriasis
94,"bacterial corneal ulcer infection",2,https://www.webmd.com/drugs/2/condition-1249/bacterial%20corneal%20ulcer%20infection
95,"onychomycosis due to dermatophyte",2,https://www.webmd.com/drugs/2/condition-309/onychomycosis%20due%20to%20dermatophyte
96,"male patterned baldness",2,https://www.webmd.com/drugs/2/condition-2716/male%20patterned%20baldness
97,"postoperative ocular pain",2,https://www.webmd.com/drugs/2/condition-1357/postoperative%20ocular%20pain
98,"post traumatic stress disorder",2,https://www.webmd.com/drugs/2/condition-1020/post%20traumatic%20stress%20disorder
99,"sinus tachycardia secondary to antipsychotic medication",2,https://www.webmd.com/drugs/2/condition-14197/sinus%20tachycardia%20secondary%20to%20antipsychotic%20medication
100,"minor musculoskeletal injury",2,https://www.webmd.com/drugs/2/condition-14386/minor%20musculoskeletal%20injury
101,"sleepiness due to shift work sleep disorder",2,https://www.webmd.com/drugs/2/condition-13392/sleepiness%20due%20to%20shift%20work%20sleep%20disorder
102,"anal fissure",2,https://www.webmd.com/drugs/2/condition-13503/anal%20fissure
103,"type 2 diabetes mellitus",2,https://www.webmd.com/drugs/2/condition-594/type%202%20diabetes%20mellitus
104,"pulmonary thromboembolism",2,https://www.webmd.com/drugs/2/condition-1475/pulmonary%20thromboembolism
105,"pulmonary tuberculosis",2,https://www.webmd.com/drugs/2/condition-38/pulmonary%20tuberculosis
106,"osteoporosis in postmenopausal woman at high risk for fracture",2,https://www.webmd.com/drugs/2/condition-15066/osteoporosis%20in%20postmenopausal%20woman%20at%20high%20risk%20for%20fracture
107,proctitis,2,https://www.webmd.com/drugs/2/condition-2166/proctitis
108,"erosive esophagitis",2,https://www.webmd.com/drugs/2/condition-1993/erosive%20esophagitis
109,nesidioblastosis,2,https://www.webmd.com/drugs/2/condition-4840/nesidioblastosis
110,"induction of labor",2,https://www.webmd.com/drugs/2/condition-2770/induction%20of%20labor
111,"secondary amenorrhea",2,https://www.webmd.com/drugs/2/condition-2501/secondary%20amenorrhea
112,"prevention of acute gastrointestinal ulcer re-bleed",2,https://www.webmd.com/drugs/2/condition-13705/prevention%20of%20acute%20gastrointestinal%20ulcer%20re-bleed
113,"severe thrombocytopenia in refractory chronic immune thrombocytopenia purpura",2,https://www.webmd.com/drugs/2/condition-13924/severe%20thrombocytopenia%20in%20refractory%20chronic%20immune%20thrombocytopenia%20purpura
114,"opioid dependence",2,https://www.webmd.com/drugs/2/condition-999/opioid%20dependence
115,"arthropod bite wound",2,https://www.webmd.com/drugs/2/condition-3323/arthropod%20bite%20wound
116,"social phobia",2,https://www.webmd.com/drugs/2/condition-975/social%20phobia
117,"amenorrhea secondary to ovarian dysfunction",2,https://www.webmd.com/drugs/2/condition-645/amenorrhea%20secondary%20to%20ovarian%20dysfunction
118,"symptomatic orthostatic hypotension",2,https://www.webmd.com/drugs/2/condition-1707/symptomatic%20orthostatic%20hypotension
119,"narcolepsy syndrome",2,https://www.webmd.com/drugs/2/condition-1119/narcolepsy%20syndrome
120,"digitalis toxicity",2,https://www.webmd.com/drugs/2/condition-3351/digitalis%20toxicity
121,"bronchospastic pulmonary disease",2,https://www.webmd.com/drugs/2/condition-1919/bronchospastic%20pulmonary%20disease
122,"severe chronic pain",2,https://www.webmd.com/drugs/2/condition-15114/severe%20chronic%20pain
123,"sedation in intubated patient",2,https://www.webmd.com/drugs/2/condition-3042/sedation%20in%20intubated%20patient
124,"nephropathic cystinosis",2,https://www.webmd.com/drugs/2/condition-15112/nephropathic%20cystinosis
125,sedation,2,https://www.webmd.com/drugs/2/condition-3038/sedation
126,"atherosclerotic cardiovascular disease",2,https://www.webmd.com/drugs/2/condition-1643/atherosclerotic%20cardiovascular%20disease
127,"prevention of hiv infection after exposure",2,https://www.webmd.com/drugs/2/condition-3413/prevention%20of%20hiv%20infection%20after%20exposure
128,"prevention of bleeding esophageal varices",2,https://www.webmd.com/drugs/2/condition-13926/prevention%20of%20bleeding%20esophageal%20varices
129,"peripheral arterial thromboembolism prevention",2,https://www.webmd.com/drugs/2/condition-1654/peripheral%20arterial%20thromboembolism%20prevention
130,"perennial allergic rhinitis",2,https://www.webmd.com/drugs/2/condition-1773/perennial%20allergic%20rhinitis
131,"prevention of vitamin b12 deficiency",2,https://www.webmd.com/drugs/2/condition-13805/prevention%20of%20vitamin%20b12%20deficiency
132,"opiate-induced respiratory depression",2,https://www.webmd.com/drugs/2/condition-3539/opiate-induced%20respiratory%20depression
133,"pediculosis capitis",2,https://www.webmd.com/drugs/2/condition-399/pediculosis%20capitis
134,"ocular redness",2,https://www.webmd.com/drugs/2/condition-1361/ocular%20redness
135,"moderate to severe alzheimer's type dementia",2,https://www.webmd.com/drugs/2/condition-12460/moderate%20to%20severe%20alzheimer's%20type%20dementia
136,"fungal keratitis",2,https://www.webmd.com/drugs/2/condition-1260/fungal%20keratitis
137,"acutely decompensated chronic heart failure",2,https://www.webmd.com/drugs/2/condition-1580/acutely%20decompensated%20chronic%20heart%20failure
138,"tinea pedis",2,https://www.webmd.com/drugs/2/condition-314/tinea%20pedis
139,osteoarthritis,2,https://www.webmd.com/drugs/2/condition-2811/osteoarthritis
140,"subarachnoid intracranial hemorrhage",2,https://www.webmd.com/drugs/2/condition-1616/subarachnoid%20intracranial%20hemorrhage
141,"metastatic breast carcinoma",2,https://www.webmd.com/drugs/2/condition-467/metastatic%20breast%20carcinoma
142,insomnia,2,https://www.webmd.com/drugs/2/condition-3063/insomnia
143,schizophrenia,2,https://www.webmd.com/drugs/2/condition-948/schizophrenia
144,"discoid lupus erythematosus",2,https://www.webmd.com/drugs/2/condition-2671/discoid%20lupus%20erythematosus
145,"prevention of breast cancer in high risk women",2,https://www.webmd.com/drugs/2/condition-529/prevention%20of%20breast%20cancer%20in%20high%20risk%20women
146,"necrobiosis lipoidica diabeticorum",2,https://www.webmd.com/drugs/2/condition-2757/necrobiosis%20lipoidica%20diabeticorum
147,"relapsed chronic lymphocytic leukemia",2,https://www.webmd.com/drugs/2/condition-14529/relapsed%20chronic%20lymphocytic%20leukemia
148,"t-cell lymphoblastic lymphoma",2,https://www.webmd.com/drugs/2/condition-13538/t-cell%20lymphoblastic%20lymphoma
149,periodontitis,2,https://www.webmd.com/drugs/2/condition-1949/periodontitis
150,"diffuse lewy body disease",2,https://www.webmd.com/drugs/2/condition-13658/diffuse%20lewy%20body%20disease
151,"bronchospasm prevention with copd",2,https://www.webmd.com/drugs/2/condition-1878/bronchospasm%20prevention%20with%20copd
152,"deep vein thrombosis prevention",2,https://www.webmd.com/drugs/2/condition-1688/deep%20vein%20thrombosis%20prevention
153,"diabetes mellitus",2,https://www.webmd.com/drugs/2/condition-604/diabetes%20mellitus
154,"severe hypotension",2,https://www.webmd.com/drugs/2/condition-1713/severe%20hypotension
155,"simple-partial epilepsy",2,https://www.webmd.com/drugs/2/condition-1101/simple-partial%20epilepsy
156,"pulmonary arterial hypertension",2,https://www.webmd.com/drugs/2/condition-13784/pulmonary%20arterial%20hypertension
157,"adjunct to surgery or radiotherapy for thyroid carcinoma",2,https://www.webmd.com/drugs/2/condition-14152/adjunct%20to%20surgery%20or%20radiotherapy%20for%20thyroid%20carcinoma
158,"myxedema coma",2,https://www.webmd.com/drugs/2/condition-588/myxedema%20coma
159,"mycosis fungoides",2,https://www.webmd.com/drugs/2/condition-472/mycosis%20fungoides
160,"secondary progressive multiple sclerosis",2,https://www.webmd.com/drugs/2/condition-14403/secondary%20progressive%20multiple%20sclerosis
161,"influenza prevention",2,https://www.webmd.com/drugs/2/condition-1832/influenza%20prevention
162,"keratosis follicularis",2,https://www.webmd.com/drugs/2/condition-4388/keratosis%20follicularis
163,"progressive diffuse large b-cell lymphoma",2,https://www.webmd.com/drugs/2/condition-13410/progressive%20diffuse%20large%20b-cell%20lymphoma
164,"mottle hyperpigmentation",2,https://www.webmd.com/drugs/2/condition-2755/mottle%20hyperpigmentation
165,"prevention of cancer chemotherapy-induced nausea and vomiting",2,https://www.webmd.com/drugs/2/condition-3515/prevention%20of%20cancer%20chemotherapy-induced%20nausea%20and%20vomiting
166,"prevention of post-operative nausea and vomiting",2,https://www.webmd.com/drugs/2/condition-3220/prevention%20of%20post-operative%20nausea%20and%20vomiting
167,"thrombosis in heparin-induced thrombocytopenia",2,https://www.webmd.com/drugs/2/condition-1693/thrombosis%20in%20heparin-induced%20thrombocytopenia
168,"prevention of maternal-fetal transmission of hiv",2,https://www.webmd.com/drugs/2/condition-2950/prevention%20of%20maternal-fetal%20transmission%20of%20hiv
169,"prevention of cerebrovascular accident",2,https://www.webmd.com/drugs/2/condition-1630/prevention%20of%20cerebrovascular%20accident
170,"keratoconjunctivitis sicca",2,https://www.webmd.com/drugs/2/condition-2781/keratoconjunctivitis%20sicca
171,"diabetic neuropathic ulcer of lower extremity",2,https://www.webmd.com/drugs/2/condition-603/diabetic%20neuropathic%20ulcer%20of%20lower%20extremity
172,"malignant hyperthermia prevention",2,https://www.webmd.com/drugs/2/condition-3392/malignant%20hyperthermia%20prevention
173,"restless leg syndrome",2,https://www.webmd.com/drugs/2/condition-4851/restless%20leg%20syndrome
174,"reversal of neuromuscular blockade induced by nondepolarizing drug",2,https://www.webmd.com/drugs/2/condition-1156/reversal%20of%20neuromuscular%20blockade%20induced%20by%20nondepolarizing%20drug
175,"cardioversion of atrial fibrillation",2,https://www.webmd.com/drugs/2/condition-3018/cardioversion%20of%20atrial%20fibrillation
176,"severe uncontrolled hypertension",2,https://www.webmd.com/drugs/2/condition-1435/severe%20uncontrolled%20hypertension
177,"congenital pituitary hypoplasia",2,https://www.webmd.com/drugs/2/condition-4855/congenital%20pituitary%20hypoplasia
178,"nausea and vomiting",2,https://www.webmd.com/drugs/2/condition-3217/nausea%20and%20vomiting
179,"malignant melanoma with braf v600k mutation",2,https://www.webmd.com/drugs/2/condition-14172/malignant%20melanoma%20with%20braf%20v600k%20mutation
180,"essential tremor",2,https://www.webmd.com/drugs/2/condition-13872/essential%20tremor
181,"idiopathic parkinsonism",2,https://www.webmd.com/drugs/2/condition-1057/idiopathic%20parkinsonism
182,"prevention of post cardio-thoracic surgery atrial fibrillation",2,https://www.webmd.com/drugs/2/condition-13672/prevention%20of%20post%20cardio-thoracic%20surgery%20atrial%20fibrillation
183,"pulmonary thromboembolism prevention",2,https://www.webmd.com/drugs/2/condition-1477/pulmonary%20thromboembolism%20prevention
184,"inappropriate sinus tachycardia",2,https://www.webmd.com/drugs/2/condition-14590/inappropriate%20sinus%20tachycardia
185,"small lymphocytic lymphoma",2,https://www.webmd.com/drugs/2/condition-14309/small%20lymphocytic%20lymphoma
186,fibromyalgia,2,https://www.webmd.com/drugs/2/condition-2865/fibromyalgia
187,"external condylomata acuminata",2,https://www.webmd.com/drugs/2/condition-204/external%20condylomata%20acuminata
188,"ulcerative colitis",2,https://www.webmd.com/drugs/2/condition-2089/ulcerative%20colitis
189,"prevention of ventricular fibrillation",2,https://www.webmd.com/drugs/2/condition-1555/prevention%20of%20ventricular%20fibrillation
190,"diabetic nephropathy",2,https://www.webmd.com/drugs/2/condition-599/diabetic%20nephropathy
191,"ovarian germ cell tumor carcinoma",2,https://www.webmd.com/drugs/2/condition-447/ovarian%20germ%20cell%20tumor%20carcinoma
192,"polycythemia vera",2,https://www.webmd.com/drugs/2/condition-556/polycythemia%20vera
193,"chronic iron overload in patient with non-transfusion-dependent thalassemia (ntdt)",2,https://www.webmd.com/drugs/2/condition-14727/chronic%20iron%20overload%20in%20patient%20with%20non-transfusion-dependent%20thalassemia%20(ntdt)
194,"opioid-induced constipation",2,https://www.webmd.com/drugs/2/condition-13908/opioid-induced%20constipation
195,"actinic keratosis on the face or scalp",2,https://www.webmd.com/drugs/2/condition-14116/actinic%20keratosis%20on%20the%20face%20or%20scalp
196,"walking impairment due to multiple sclerosis",2,https://www.webmd.com/drugs/2/condition-14396/walking%20impairment%20due%20to%20multiple%20sclerosis
197,"administration of general anesthesia",2,https://www.webmd.com/drugs/2/condition-3024/administration%20of%20general%20anesthesia
198,"prevention of peri-operative hemorrhage",2,https://www.webmd.com/drugs/2/condition-13702/prevention%20of%20peri-operative%20hemorrhage
199,sarcoidosis,2,https://www.webmd.com/drugs/2/condition-404/sarcoidosis
200,epilepsy,2,https://www.webmd.com/drugs/2/condition-1105/epilepsy
201,"gaucher's disease",2,https://www.webmd.com/drugs/2/condition-709/gaucher's%20disease
202,"minor bacterial skin infections",2,https://www.webmd.com/drugs/2/condition-2594/minor%20bacterial%20skin%20infections
203,"acute staphylococcus aureus otitis externa",2,https://www.webmd.com/drugs/2/condition-1370/acute%20staphylococcus%20aureus%20otitis%20externa
204,"cancer chemotherapy-induced nausea and vomiting",2,https://www.webmd.com/drugs/2/condition-3511/cancer%20chemotherapy-induced%20nausea%20and%20vomiting
205,"acetaminophen overdose",2,https://www.webmd.com/drugs/2/condition-3346/acetaminophen%20overdose
206,"streptococcus pneumoniae chronic bronchitis",2,https://www.webmd.com/drugs/2/condition-1848/streptococcus%20pneumoniae%20chronic%20bronchitis
207,"status epilepticus",2,https://www.webmd.com/drugs/2/condition-1099/status%20epilepticus
208,"secondary glaucoma",2,https://www.webmd.com/drugs/2/condition-1210/secondary%20glaucoma
209,"her2 positive carcinoma of breast",2,https://www.webmd.com/drugs/2/condition-13697/her2%20positive%20carcinoma%20of%20breast
210,"pneumocystis jiroveci pneumonia prevention",2,https://www.webmd.com/drugs/2/condition-410/pneumocystis%20jiroveci%20pneumonia%20prevention
211,"patent ductus arteriosus",2,https://www.webmd.com/drugs/2/condition-2925/patent%20ductus%20arteriosus
212,"severe chronic neutropenia",2,https://www.webmd.com/drugs/2/condition-883/severe%20chronic%20neutropenia
213,enterobiasis,2,https://www.webmd.com/drugs/2/condition-387/enterobiasis
214,"rheumatic fever",2,https://www.webmd.com/drugs/2/condition-1425/rheumatic%20fever
215,"plaque psoriasis",2,https://www.webmd.com/drugs/2/condition-2686/plaque%20psoriasis
216,"multiple myeloma",2,https://www.webmd.com/drugs/2/condition-480/multiple%20myeloma
217,"wild-type kras and nras colorectal cancer",2,https://www.webmd.com/drugs/2/condition-14724/wild-type%20kras%20and%20nras%20colorectal%20cancer
218,"chronic hepatitis b",2,https://www.webmd.com/drugs/2/condition-192/chronic%20hepatitis%20b
219,"diagnostic test for growth hormone secretion",2,https://www.webmd.com/drugs/2/condition-3016/diagnostic%20test%20for%20growth%20hormone%20secretion
220,hyperkalemia,2,https://www.webmd.com/drugs/2/condition-753/hyperkalemia
221,"severe pain",2,https://www.webmd.com/drugs/2/condition-3084/severe%20pain
222,"esophageal candidiasis",2,https://www.webmd.com/drugs/2/condition-328/esophageal%20candidiasis
223,"ulcerative colitis remission",2,https://www.webmd.com/drugs/2/condition-2092/ulcerative%20colitis%20remission
224,"paroxysmal supraventricular tachycardia",2,https://www.webmd.com/drugs/2/condition-1538/paroxysmal%20supraventricular%20tachycardia
225,"clostridioides difficile infection",2,https://www.webmd.com/drugs/2/condition-26/clostridioides%20difficile%20infection
226,"obstructive hydrocephalus",2,https://www.webmd.com/drugs/2/condition-1052/obstructive%20hydrocephalus
227,hypertension,2,https://www.webmd.com/drugs/2/condition-1432/hypertension
228,"acute repetitive seizures",2,https://www.webmd.com/drugs/2/condition-11491/acute%20repetitive%20seizures
229,"pheochromocytoma adjunct therapy",2,https://www.webmd.com/drugs/2/condition-509/pheochromocytoma%20adjunct%20therapy
230,"seizure occurring during neurosurgery",2,https://www.webmd.com/drugs/2/condition-1108/seizure%20occurring%20during%20neurosurgery
231,"sedation in obstetrics",2,https://www.webmd.com/drugs/2/condition-3048/sedation%20in%20obstetrics
232,"refractory ewing's sarcoma",2,https://www.webmd.com/drugs/2/condition-14017/refractory%20ewing's%20sarcoma
233,"attention-deficit hyperactivity disorder",2,https://www.webmd.com/drugs/2/condition-1028/attention-deficit%20hyperactivity%20disorder
234,"pleural malignant effusion",2,https://www.webmd.com/drugs/2/condition-1888/pleural%20malignant%20effusion
235,"skin and skin structure streptococcus agalactiae infection",2,https://www.webmd.com/drugs/2/condition-2608/skin%20and%20skin%20structure%20streptococcus%20agalactiae%20infection
236,"myasthenia gravis",2,https://www.webmd.com/drugs/2/condition-1149/myasthenia%20gravis
237,"prevention of nerve agent poisoning",2,https://www.webmd.com/drugs/2/condition-10355/prevention%20of%20nerve%20agent%20poisoning
238,"non-small cell lung cancer with braf v600e mutation",2,https://www.webmd.com/drugs/2/condition-14721/non-small%20cell%20lung%20cancer%20with%20braf%20v600e%20mutation
239,"hormone receptor positive breast cancer",2,https://www.webmd.com/drugs/2/condition-13974/hormone%20receptor%20positive%20breast%20cancer
240,"streptococcus lung abscess",2,https://www.webmd.com/drugs/2/condition-1892/streptococcus%20lung%20abscess
241,"acute gonococcal endometritis",2,https://www.webmd.com/drugs/2/condition-268/acute%20gonococcal%20endometritis
242,"sedation as adjunct to anesthesia",2,https://www.webmd.com/drugs/2/condition-3017/sedation%20as%20adjunct%20to%20anesthesia
243,"sinus bradycardia",2,https://www.webmd.com/drugs/2/condition-1565/sinus%20bradycardia
244,"endometrial hyperplasia prevention",2,https://www.webmd.com/drugs/2/condition-2481/endometrial%20hyperplasia%20prevention
245,"polyarticular juvenile idiopathic arthritis",2,https://www.webmd.com/drugs/2/condition-14353/polyarticular%20juvenile%20idiopathic%20arthritis
246,"sickle cell disease",2,https://www.webmd.com/drugs/2/condition-814/sickle%20cell%20disease
247,"crohn's disease in remission",2,https://www.webmd.com/drugs/2/condition-13640/crohn's%20disease%20in%20remission
248,mucormycosis,2,https://www.webmd.com/drugs/2/condition-351/mucormycosis
249,"perioperative mydriasis",2,https://www.webmd.com/drugs/2/condition-1350/perioperative%20mydriasis
250,"refractory oropharyngeal candidiasis",2,https://www.webmd.com/drugs/2/condition-13696/refractory%20oropharyngeal%20candidiasis
251,"prevention of kidney transplant rejection",2,https://www.webmd.com/drugs/2/condition-3400/prevention%20of%20kidney%20transplant%20rejection
252,"increased urinary frequency",2,https://www.webmd.com/drugs/2/condition-3258/increased%20urinary%20frequency
253,"cd33 positive acute myeloid leukemia",2,https://www.webmd.com/drugs/2/condition-14748/cd33%20positive%20acute%20myeloid%20leukemia
254,"lysosomal alpha-1,4-glucosidase deficiency",2,"https://www.webmd.com/drugs/2/condition-13639/lysosomal%20alpha-1,4-glucosidase%20deficiency"
255,"essential thrombocytosis",2,https://www.webmd.com/drugs/2/condition-909/essential%20thrombocytosis
256,"facial lentigo",2,https://www.webmd.com/drugs/2/condition-9240/facial%20lentigo
257,"nonsquamous non-small cell lung cancer",2,https://www.webmd.com/drugs/2/condition-14143/nonsquamous%20non-small%20cell%20lung%20cancer
258,"myelodysplastic syndrome",2,https://www.webmd.com/drugs/2/condition-2917/myelodysplastic%20syndrome
259,"open angle glaucoma",2,https://www.webmd.com/drugs/2/condition-1205/open%20angle%20glaucoma
260,"pre-existing hypertension during pregnancy",2,https://www.webmd.com/drugs/2/condition-14989/pre-existing%20hypertension%20during%20pregnancy
261,"severe ocular inflammation",2,https://www.webmd.com/drugs/2/condition-1360/severe%20ocular%20inflammation
262,myxedema,2,https://www.webmd.com/drugs/2/condition-587/myxedema
263,"disseminated mycobacterium avium complex infection",2,https://www.webmd.com/drugs/2/condition-72/disseminated%20mycobacterium%20avium%20complex%20infection
264,"systemic dermatomyositis",2,https://www.webmd.com/drugs/2/condition-2783/systemic%20dermatomyositis
265,"constipation predominant irritable bowel syndrome",2,https://www.webmd.com/drugs/2/condition-6768/constipation%20predominant%20irritable%20bowel%20syndrome
266,"major depressive disorder",2,https://www.webmd.com/drugs/2/condition-952/major%20depressive%20disorder
267,"amyotrophic lateral sclerosis",2,https://www.webmd.com/drugs/2/condition-1074/amyotrophic%20lateral%20sclerosis
268,"diarrhea predominant irritable bowel syndrome",2,https://www.webmd.com/drugs/2/condition-2117/diarrhea%20predominant%20irritable%20bowel%20syndrome
269,"weight loss management for overweight patient with bmi 27 to 29 and weight-related comorbidity",2,https://www.webmd.com/drugs/2/condition-14347/weight%20loss%20management%20for%20overweight%20patient%20with%20bmi%2027%20to%2029%20and%20weight-related%20comorbidity
270,"scleroderma renal crisis",2,https://www.webmd.com/drugs/2/condition-2779/scleroderma%20renal%20crisis
271,"prevention of ventricular arrhythmia due to congenital long qt syndrome",2,https://www.webmd.com/drugs/2/condition-13887/prevention%20of%20ventricular%20arrhythmia%20due%20to%20congenital%20long%20qt%20syndrome
272,"ectopic atrial tachycardia",2,https://www.webmd.com/drugs/2/condition-5288/ectopic%20atrial%20tachycardia
273,"synergy for p. aeruginosa infection in cystic fibrosis",2,https://www.webmd.com/drugs/2/condition-772/synergy%20for%20p.%20aeruginosa%20infection%20in%20cystic%20fibrosis
274,dacryocystitis,2,https://www.webmd.com/drugs/2/condition-1321/dacryocystitis
275,"extravasation injury from anthracycline injection",2,https://www.webmd.com/drugs/2/condition-13863/extravasation%20injury%20from%20anthracycline%20injection
276,"nocturnal enuresis",2,https://www.webmd.com/drugs/2/condition-3257/nocturnal%20enuresis
277,"sore throat",2,https://www.webmd.com/drugs/2/condition-1752/sore%20throat
278,myalgia,2,https://www.webmd.com/drugs/2/condition-2863/myalgia
279,"sinus headache",2,https://www.webmd.com/drugs/2/condition-3156/sinus%20headache
280,toothache,2,https://www.webmd.com/drugs/2/condition-1960/toothache
281,"flu-like symptoms",2,https://www.webmd.com/drugs/2/condition-3076/flu-like%20symptoms
282,"hormone receptor positive, her2 positive metastatic breast cancer",2,"https://www.webmd.com/drugs/2/condition-14179/hormone%20receptor%20positive,%20her2%20positive%20metastatic%20breast%20cancer"
283,"breakthrough cancer pain in opioid-tolerant patient",2,https://www.webmd.com/drugs/2/condition-14092/breakthrough%20cancer%20pain%20in%20opioid-tolerant%20patient
284,"schizoaffective disorder",2,https://www.webmd.com/drugs/2/condition-13979/schizoaffective%20disorder
285,"hypotrichosis of eyelid lashes",2,https://www.webmd.com/drugs/2/condition-14142/hypotrichosis%20of%20eyelid%20lashes
286,"rapid cycling bipolar disorder",2,https://www.webmd.com/drugs/2/condition-14035/rapid%20cycling%20bipolar%20disorder
287,"cutaneous candidiasis",2,https://www.webmd.com/drugs/2/condition-325/cutaneous%20candidiasis
288,"tinea capitis",2,https://www.webmd.com/drugs/2/condition-308/tinea%20capitis
289,"renal disease with edema",2,https://www.webmd.com/drugs/2/condition-2248/renal%20disease%20with%20edema
290,"fabry disease",2,https://www.webmd.com/drugs/2/condition-11307/fabry%20disease
291,"systemic mastocytosis",2,https://www.webmd.com/drugs/2/condition-477/systemic%20mastocytosis
292,"short bowel syndrome",2,https://www.webmd.com/drugs/2/condition-2239/short%20bowel%20syndrome
293,"recurrent aphthous stomatitis",2,https://www.webmd.com/drugs/2/condition-1974/recurrent%20aphthous%20stomatitis
294,"diagnostic test for thyroid dysfunction",2,https://www.webmd.com/drugs/2/condition-3003/diagnostic%20test%20for%20thyroid%20dysfunction
295,"skin ulcer",2,https://www.webmd.com/drugs/2/condition-2742/skin%20ulcer
296,"pulmonary edema due to chronic heart failure",2,https://www.webmd.com/drugs/2/condition-1583/pulmonary%20edema%20due%20to%20chronic%20heart%20failure
297,priapism,2,https://www.webmd.com/drugs/2/condition-2380/priapism
298,"prevention of cytomegalovirus disease after kidney-pancreas transplantation",2,https://www.webmd.com/drugs/2/condition-12355/prevention%20of%20cytomegalovirus%20disease%20after%20kidney-pancreas%20transplantation
299,"hypertensive crisis",2,https://www.webmd.com/drugs/2/condition-1437/hypertensive%20crisis
300,"suppression of recurrent herpes simplex infection in hiv",2,https://www.webmd.com/drugs/2/condition-13970/suppression%20of%20recurrent%20herpes%20simplex%20infection%20in%20hiv
301,"streptococcal meningitis",2,https://www.webmd.com/drugs/2/condition-1035/streptococcal%20meningitis
302,"staphylococcal enterocolitis",2,https://www.webmd.com/drugs/2/condition-24/staphylococcal%20enterocolitis
303,"malignant tumor of urinary bladder",2,https://www.webmd.com/drugs/2/condition-544/malignant%20tumor%20of%20urinary%20bladder
304,"partial central diabetes insipidus",2,https://www.webmd.com/drugs/2/condition-623/partial%20central%20diabetes%20insipidus
305,"local anesthesia for procedure on or through nasal cavity",2,https://www.webmd.com/drugs/2/condition-14841/local%20anesthesia%20for%20procedure%20on%20or%20through%20nasal%20cavity
306,"herpes labialis",2,https://www.webmd.com/drugs/2/condition-184/herpes%20labialis
307,"scalp psoriasis",2,https://www.webmd.com/drugs/2/condition-5418/scalp%20psoriasis
308,"rectal pain",2,https://www.webmd.com/drugs/2/condition-2165/rectal%20pain
309,"lymphomatous meningitis",2,https://www.webmd.com/drugs/2/condition-458/lymphomatous%20meningitis
310,cystinuria,2,https://www.webmd.com/drugs/2/condition-689/cystinuria
311,"sjogren's syndrome",2,https://www.webmd.com/drugs/2/condition-4386/sjogren's%20syndrome
312,hyperkeratosis,2,https://www.webmd.com/drugs/2/condition-2702/hyperkeratosis
313,"iron toxicity",2,https://www.webmd.com/drugs/2/condition-3343/iron%20toxicity
314,"labor pain",2,https://www.webmd.com/drugs/2/condition-3086/labor%20pain
315,"systemic sclerosis-associated interstitial lung disease",2,https://www.webmd.com/drugs/2/condition-13669/systemic%20sclerosis-associated%20interstitial%20lung%20disease
316,"pregnancy contraception",2,https://www.webmd.com/drugs/2/condition-3454/pregnancy%20contraception
317,"postmenopausal osteoporosis",2,https://www.webmd.com/drugs/2/condition-2899/postmenopausal%20osteoporosis
318,"secondary osteoporosis",2,https://www.webmd.com/drugs/2/condition-2897/secondary%20osteoporosis
319,"rocky mountain spotted fever",2,https://www.webmd.com/drugs/2/condition-221/rocky%20mountain%20spotted%20fever
320,leprosy,2,https://www.webmd.com/drugs/2/condition-70/leprosy
321,"miosis induction during ocular surgery",2,https://www.webmd.com/drugs/2/condition-1348/miosis%20induction%20during%20ocular%20surgery
322,hypokalemia,2,https://www.webmd.com/drugs/2/condition-756/hypokalemia
323,"anemia in chronic kidney disease",2,https://www.webmd.com/drugs/2/condition-14438/anemia%20in%20chronic%20kidney%20disease
324,"enterobacter pneumonia",2,https://www.webmd.com/drugs/2/condition-1813/enterobacter%20pneumonia
325,"e. coli pyelonephritis",2,https://www.webmd.com/drugs/2/condition-2274/e.%20coli%20pyelonephritis
326,"anorexia from hiv",2,https://www.webmd.com/drugs/2/condition-160/anorexia%20from%20hiv
327,"calluses and corns",2,https://www.webmd.com/drugs/2/condition-2698/calluses%20and%20corns
328,"ocular irritation",2,https://www.webmd.com/drugs/2/condition-1363/ocular%20irritation
329,rickets,2,https://www.webmd.com/drugs/2/condition-672/rickets
330,"regional anesthesia for postoperative pain",2,https://www.webmd.com/drugs/2/condition-11419/regional%20anesthesia%20for%20postoperative%20pain
331,"acute thromboembolic stroke",2,https://www.webmd.com/drugs/2/condition-13864/acute%20thromboembolic%20stroke
332,"myocardial reinfarction prevention in patient at high risk of gastric ulcer risk",2,https://www.webmd.com/drugs/2/condition-14595/myocardial%20reinfarction%20prevention%20in%20patient%20at%20high%20risk%20of%20gastric%20ulcer%20risk
333,"prevention of transient ischemic attack",2,https://www.webmd.com/drugs/2/condition-6489/prevention%20of%20transient%20ischemic%20attack
334,"mild arthritic pain",2,https://www.webmd.com/drugs/2/condition-2822/mild%20arthritic%20pain
335,"severe chronic obstructive pulmonary disease",2,https://www.webmd.com/drugs/2/condition-1876/severe%20chronic%20obstructive%20pulmonary%20disease
336,"eosinophilic granulomatosis with polyangiitis",2,https://www.webmd.com/drugs/2/condition-14783/eosinophilic%20granulomatosis%20with%20polyangiitis
337,"severe chronic pain requiring long-term opioid treatment",2,https://www.webmd.com/drugs/2/condition-15115/severe%20chronic%20pain%20requiring%20long-term%20opioid%20treatment
338,"diabetic peripheral neuropathy",2,https://www.webmd.com/drugs/2/condition-7662/diabetic%20peripheral%20neuropathy
339,"actinic keratosis on the trunk or extremities",2,https://www.webmd.com/drugs/2/condition-14115/actinic%20keratosis%20on%20the%20trunk%20or%20extremities
340,"peripheral mobilization of hematopoietic stem cells",2,https://www.webmd.com/drugs/2/condition-13945/peripheral%20mobilization%20of%20hematopoietic%20stem%20cells
341,"pharyngitis due to streptococcus pyogenes",2,https://www.webmd.com/drugs/2/condition-82/pharyngitis%20due%20to%20streptococcus%20pyogenes
342,"enterococcus urinary tract infection",2,https://www.webmd.com/drugs/2/condition-2325/enterococcus%20urinary%20tract%20infection
343,"prevent minor bacterial skin infection",2,https://www.webmd.com/drugs/2/condition-14033/prevent%20minor%20bacterial%20skin%20infection
344,"sexually transmitted epididymo-orchitis",2,https://www.webmd.com/drugs/2/condition-2376/sexually%20transmitted%20epididymo-orchitis
345,scabies,2,https://www.webmd.com/drugs/2/condition-403/scabies
346,"maintenance therapy for asthma",2,https://www.webmd.com/drugs/2/condition-14490/maintenance%20therapy%20for%20asthma
347,"prevention of nsaid-induced gastric ulcer",2,https://www.webmd.com/drugs/2/condition-4638/prevention%20of%20nsaid-induced%20gastric%20ulcer
348,"optic neuritis",2,https://www.webmd.com/drugs/2/condition-1329/optic%20neuritis
349,"adenosine deaminase severe combined immune deficiency",2,https://www.webmd.com/drugs/2/condition-14876/adenosine%20deaminase%20severe%20combined%20immune%20deficiency
350,"systemic anaplastic large cell lymphoma",2,https://www.webmd.com/drugs/2/condition-14086/systemic%20anaplastic%20large%20cell%20lymphoma
351,"myocardial perfusion image, adjunct",2,"https://www.webmd.com/drugs/2/condition-1412/myocardial%20perfusion%20image,%20adjunct"
352,"squamous cell carcinoma of head and neck",2,https://www.webmd.com/drugs/2/condition-14183/squamous%20cell%20carcinoma%20of%20head%20and%20neck
353,"neuroleptic malignant syndrome",2,https://www.webmd.com/drugs/2/condition-1071/neuroleptic%20malignant%20syndrome
354,"hyperparathyroidism secondary to chronic renal failure with dialysis",2,https://www.webmd.com/drugs/2/condition-13429/hyperparathyroidism%20secondary%20to%20chronic%20renal%20failure%20with%20dialysis
355,"kaposi's sarcoma skin lesion",2,https://www.webmd.com/drugs/2/condition-445/kaposi's%20sarcoma%20skin%20lesion
356,hyperlipidemia,2,https://www.webmd.com/drugs/2/condition-707/hyperlipidemia
357,"subependymal giant cell astrocytoma associated with tuberous sclerosis",2,https://www.webmd.com/drugs/2/condition-14045/subependymal%20giant%20cell%20astrocytoma%20associated%20with%20tuberous%20sclerosis
358,"postcoital contraception",2,https://www.webmd.com/drugs/2/condition-3455/postcoital%20contraception
359,"hereditary tyrosinemia type i",2,https://www.webmd.com/drugs/2/condition-4842/hereditary%20tyrosinemia%20type%20i
360,"myocardial reinfarction prevention",2,https://www.webmd.com/drugs/2/condition-1448/myocardial%20reinfarction%20prevention
361,"high density lipoprotein deficiency",2,https://www.webmd.com/drugs/2/condition-13448/high%20density%20lipoprotein%20deficiency
362,"hormone receptor (hr)-positive, her2-negative advanced breast cancer",2,"https://www.webmd.com/drugs/2/condition-14947/hormone%20receptor%20(hr)-positive,%20her2-negative%20advanced%20breast%20cancer"
363,"prevention of respiratory distress syndrome in the newborn",2,https://www.webmd.com/drugs/2/condition-2956/prevention%20of%20respiratory%20distress%20syndrome%20in%20the%20newborn
364,"rheumatic fever prevention",2,https://www.webmd.com/drugs/2/condition-1427/rheumatic%20fever%20prevention
365,"chlamydial conjunctivitis",2,https://www.webmd.com/drugs/2/condition-200/chlamydial%20conjunctivitis
366,"infection of burn wound",2,https://www.webmd.com/drugs/2/condition-3333/infection%20of%20burn%20wound
367,"depression treatment adjunct",2,https://www.webmd.com/drugs/2/condition-13493/depression%20treatment%20adjunct
368,"agitation associated with schizophrenia",2,https://www.webmd.com/drugs/2/condition-13400/agitation%20associated%20with%20schizophrenia
369,"non-small cell lung cancer",2,https://www.webmd.com/drugs/2/condition-523/non-small%20cell%20lung%20cancer
370,"increased intraocular pressure after ocular procedure",2,https://www.webmd.com/drugs/2/condition-4193/increased%20intraocular%20pressure%20after%20ocular%20procedure
371,"chronic iron overload due to repeated blood transfusions",2,https://www.webmd.com/drugs/2/condition-14725/chronic%20iron%20overload%20due%20to%20repeated%20blood%20transfusions
372,"anemia in hemodialysis-dependent chronic kidney disease",2,https://www.webmd.com/drugs/2/condition-14440/anemia%20in%20hemodialysis-dependent%20chronic%20kidney%20disease
373,"early breast cancer hormone receptor positive and postmenopausal",2,https://www.webmd.com/drugs/2/condition-9302/early%20breast%20cancer%20hormone%20receptor%20positive%20and%20postmenopausal
374,"post-operative nausea and vomiting",2,https://www.webmd.com/drugs/2/condition-3221/post-operative%20nausea%20and%20vomiting
375,"local anesthesia for endotracheal intubation",2,https://www.webmd.com/drugs/2/condition-6184/local%20anesthesia%20for%20endotracheal%20intubation
376,"aplastic anemia",2,https://www.webmd.com/drugs/2/condition-838/aplastic%20anemia
377,"percutaneous coronary intervention adjunct for thrombosis prevention",2,https://www.webmd.com/drugs/2/condition-14911/percutaneous%20coronary%20intervention%20adjunct%20for%20thrombosis%20prevention
378,alcoholism,2,https://www.webmd.com/drugs/2/condition-996/alcoholism
379,"obsessive-compulsive disorder",2,https://www.webmd.com/drugs/2/condition-976/obsessive-compulsive%20disorder
380,"delayed male puberty",2,https://www.webmd.com/drugs/2/condition-652/delayed%20male%20puberty
381,"systemic cryptococcosis treatment adjunct",2,https://www.webmd.com/drugs/2/condition-13888/systemic%20cryptococcosis%20treatment%20adjunct
382,sitosterolemia,2,https://www.webmd.com/drugs/2/condition-8594/sitosterolemia
383,"cluster headache",2,https://www.webmd.com/drugs/2/condition-1111/cluster%20headache
384,"erdheim-chester disease with braf v600 mutation",2,https://www.webmd.com/drugs/2/condition-14767/erdheim-chester%20disease%20with%20braf%20v600%20mutation
385,"primary malignant neoplasm of peritoneum",2,https://www.webmd.com/drugs/2/condition-14336/primary%20malignant%20neoplasm%20of%20peritoneum
386,"hyperparathyroidism secondary to chronic renal failure",2,https://www.webmd.com/drugs/2/condition-2269/hyperparathyroidism%20secondary%20to%20chronic%20renal%20failure
387,stomatitis,2,https://www.webmd.com/drugs/2/condition-1972/stomatitis
388,"squamous cell carcinoma of skin",2,https://www.webmd.com/drugs/2/condition-14871/squamous%20cell%20carcinoma%20of%20skin
389,"familial hyperkalemic periodic paralysis",2,https://www.webmd.com/drugs/2/condition-755/familial%20hyperkalemic%20periodic%20paralysis
390,"fungal infection of skin",2,https://www.webmd.com/drugs/2/condition-318/fungal%20infection%20of%20skin
391,"seborrheic dermatitis",2,https://www.webmd.com/drugs/2/condition-2627/seborrheic%20dermatitis
392,paracoccidioidomycosis,2,https://www.webmd.com/drugs/2/condition-340/paracoccidioidomycosis
393,"siadh syndrome",2,https://www.webmd.com/drugs/2/condition-624/siadh%20syndrome
394,"infantile spasms",2,https://www.webmd.com/drugs/2/condition-4620/infantile%20spasms
395,"xerostomia secondary to sjogren's syndrome",2,https://www.webmd.com/drugs/2/condition-1970/xerostomia%20secondary%20to%20sjogren's%20syndrome
396,"plasmodium falciparum malaria",2,https://www.webmd.com/drugs/2/condition-225/plasmodium%20falciparum%20malaria
397,"neuropathic pain",2,https://www.webmd.com/drugs/2/condition-13795/neuropathic%20pain
398,"respiratory syncytial virus pneumonia prevention",2,https://www.webmd.com/drugs/2/condition-1795/respiratory%20syncytial%20virus%20pneumonia%20prevention
399,"wilson's disease",2,https://www.webmd.com/drugs/2/condition-721/wilson's%20disease
400,"type 1 diabetes mellitus treatment adjunct",2,https://www.webmd.com/drugs/2/condition-13498/type%201%20diabetes%20mellitus%20treatment%20adjunct
401,"multicentric castleman's disease",2,https://www.webmd.com/drugs/2/condition-14298/multicentric%20castleman's%20disease
402,"precocious puberty",2,https://www.webmd.com/drugs/2/condition-653/precocious%20puberty
403,"vulvovaginal candidiasis",2,https://www.webmd.com/drugs/2/condition-322/vulvovaginal%20candidiasis
404,"alopecia areata",2,https://www.webmd.com/drugs/2/condition-2715/alopecia%20areata
405,"severe pain with opioid tolerance",2,https://www.webmd.com/drugs/2/condition-13820/severe%20pain%20with%20opioid%20tolerance
406,"myoclonic epilepsy adjunct treatment",2,https://www.webmd.com/drugs/2/condition-1094/myoclonic%20epilepsy%20adjunct%20treatment
407,"chronic ulcerative rectosigmoiditis",2,https://www.webmd.com/drugs/2/condition-4455/chronic%20ulcerative%20rectosigmoiditis
408,"klebsiella joint infection",2,https://www.webmd.com/drugs/2/condition-2794/klebsiella%20joint%20infection
409,"metastatic castration-sensitive prostate cancer",2,https://www.webmd.com/drugs/2/condition-14803/metastatic%20castration-sensitive%20prostate%20cancer
410,"non q-wave myocardial infarction",2,https://www.webmd.com/drugs/2/condition-1454/non%20q-wave%20myocardial%20infarction
411,"refractory malignant tumor of testis",2,https://www.webmd.com/drugs/2/condition-4191/refractory%20malignant%20tumor%20of%20testis
412,"osteosarcoma of bone",2,https://www.webmd.com/drugs/2/condition-431/osteosarcoma%20of%20bone
413,"atopic dermatitis",2,https://www.webmd.com/drugs/2/condition-2630/atopic%20dermatitis
414,"mucopolysaccharidosis type ii",2,https://www.webmd.com/drugs/2/condition-13667/mucopolysaccharidosis%20type%20ii
415,"prevention of bacterial urinary tract infection",2,https://www.webmd.com/drugs/2/condition-2350/prevention%20of%20bacterial%20urinary%20tract%20infection
416,"urinary retention",2,https://www.webmd.com/drugs/2/condition-3253/urinary%20retention
417,"prevention of hemorrhage with cardiovascular instability from cardiopulmonary bypass - cabg",2,https://www.webmd.com/drugs/2/condition-13701/prevention%20of%20hemorrhage%20with%20cardiovascular%20instability%20from%20cardiopulmonary%20bypass%20-%20cabg
418,"prevention of cmv disease in advanced hiv patient",2,https://www.webmd.com/drugs/2/condition-7245/prevention%20of%20cmv%20disease%20in%20advanced%20hiv%20patient
419,"prevention of cytomegalovirus disease",2,https://www.webmd.com/drugs/2/condition-208/prevention%20of%20cytomegalovirus%20disease
420,"cyanide toxicity",2,https://www.webmd.com/drugs/2/condition-3365/cyanide%20toxicity
421,"type 2 diabetes mellitus treatment adjunct",2,https://www.webmd.com/drugs/2/condition-13497/type%202%20diabetes%20mellitus%20treatment%20adjunct
422,"benign cystinosis with corneal cystine crystal accumulation",2,https://www.webmd.com/drugs/2/condition-14163/benign%20cystinosis%20with%20corneal%20cystine%20crystal%20accumulation
423,"ocular itching",2,https://www.webmd.com/drugs/2/condition-1366/ocular%20itching
424,"weight loss management for overweight or obese patient (body mass index 27 or greater)",2,https://www.webmd.com/drugs/2/condition-14348/weight%20loss%20management%20for%20overweight%20or%20obese%20patient%20(body%20mass%20index%2027%20or%20greater)
425,"edema due to nephrotic syndrome",2,https://www.webmd.com/drugs/2/condition-2249/edema%20due%20to%20nephrotic%20syndrome
426,"mucopolysaccharidosis type i",2,https://www.webmd.com/drugs/2/condition-11316/mucopolysaccharidosis%20type%20i
427,"sheep liver fluke infection",2,https://www.webmd.com/drugs/2/condition-13609/sheep%20liver%20fluke%20infection
428,"giant papillary conjunctivitis",2,https://www.webmd.com/drugs/2/condition-1330/giant%20papillary%20conjunctivitis
429,"anaplastic lymphoma kinase positive non-small cell lung cancer",2,https://www.webmd.com/drugs/2/condition-14089/anaplastic%20lymphoma%20kinase%20positive%20non-small%20cell%20lung%20cancer
430,"chemotherapy-induced hyperuricemia",2,https://www.webmd.com/drugs/2/condition-5419/chemotherapy-induced%20hyperuricemia
431,"malignant neoplasm of the ovary",2,https://www.webmd.com/drugs/2/condition-533/malignant%20neoplasm%20of%20the%20ovary
432,"conditioning prior to autologous hematopoietic stem cell transplant",2,https://www.webmd.com/drugs/2/condition-14516/conditioning%20prior%20to%20autologous%20hematopoietic%20stem%20cell%20transplant
433,"reversal of neuromuscular blockade",2,https://www.webmd.com/drugs/2/condition-4571/reversal%20of%20neuromuscular%20blockade
434,"local anesthesia adjunct",2,https://www.webmd.com/drugs/2/condition-3027/local%20anesthesia%20adjunct
435,"prevention of acute gout attack",2,https://www.webmd.com/drugs/2/condition-718/prevention%20of%20acute%20gout%20attack
436,"lactose intolerance",2,https://www.webmd.com/drugs/2/condition-8455/lactose%20intolerance
437,"diarrhea secondary to inflammatory bowel disease",2,https://www.webmd.com/drugs/2/condition-2079/diarrhea%20secondary%20to%20inflammatory%20bowel%20disease
438,"vitamin c deficiency",2,https://www.webmd.com/drugs/2/condition-670/vitamin%20c%20deficiency
439,"sideroblastic anemia",2,https://www.webmd.com/drugs/2/condition-840/sideroblastic%20anemia
440,"nausea gravidarum",2,https://www.webmd.com/drugs/2/condition-8461/nausea%20gravidarum
441,flatulence,2,https://www.webmd.com/drugs/2/condition-3232/flatulence
442,"dyspepsia prevention",2,https://www.webmd.com/drugs/2/condition-4070/dyspepsia%20prevention
443,"generalized anxiety disorder",2,https://www.webmd.com/drugs/2/condition-971/generalized%20anxiety%20disorder
444,"conditioning prior to allogeneic hematopoietic stem cell transplant",2,https://www.webmd.com/drugs/2/condition-13445/conditioning%20prior%20to%20allogeneic%20hematopoietic%20stem%20cell%20transplant
445,"tardive dyskinesia",2,https://www.webmd.com/drugs/2/condition-1068/tardive%20dyskinesia
446,"anemia in non-dialysis-dependent chronic kidney disease",2,https://www.webmd.com/drugs/2/condition-14477/anemia%20in%20non-dialysis-dependent%20chronic%20kidney%20disease
447,"streptococcal septic abortion",2,https://www.webmd.com/drugs/2/condition-2529/streptococcal%20septic%20abortion
448,"chronic heart failure following myocardial infarction",2,https://www.webmd.com/drugs/2/condition-1584/chronic%20heart%20failure%20following%20myocardial%20infarction
449,"cystic fibrosis with homozygous f508del mutation in cftr gene",2,https://www.webmd.com/drugs/2/condition-14421/cystic%20fibrosis%20with%20homozygous%20f508del%20mutation%20in%20cftr%20gene
450,"dermatographic urticaria",2,https://www.webmd.com/drugs/2/condition-2744/dermatographic%20urticaria
451,menorrhagia,2,https://www.webmd.com/drugs/2/condition-2502/menorrhagia
452,"adrenal cortex carcinoma",2,https://www.webmd.com/drugs/2/condition-546/adrenal%20cortex%20carcinoma
453,"ocular surface squamous neoplasia",2,https://www.webmd.com/drugs/2/condition-6765/ocular%20surface%20squamous%20neoplasia
454,cough,2,https://www.webmd.com/drugs/2/condition-3205/cough
455,rhinitis,2,https://www.webmd.com/drugs/2/condition-1766/rhinitis
456,"cold symptoms",2,https://www.webmd.com/drugs/2/condition-1738/cold%20symptoms
457,"nasal congestion",2,https://www.webmd.com/drugs/2/condition-1775/nasal%20congestion
458,"non-radiographic axial spondyloarthritis",2,https://www.webmd.com/drugs/2/condition-14406/non-radiographic%20axial%20spondyloarthritis
459,"pulmonary multi-drug resistant mycobacterium tuberculosis",2,https://www.webmd.com/drugs/2/condition-14155/pulmonary%20multi-drug%20resistant%20mycobacterium%20tuberculosis
460,hypercortisolism,2,https://www.webmd.com/drugs/2/condition-627/hypercortisolism
461,"sickle cell disease with crisis",2,https://www.webmd.com/drugs/2/condition-817/sickle%20cell%20disease%20with%20crisis
462,"herpes simplex keratoconjunctivitis",2,https://www.webmd.com/drugs/2/condition-4293/herpes%20simplex%20keratoconjunctivitis
463,"severe pruritus",2,https://www.webmd.com/drugs/2/condition-2695/severe%20pruritus
464,"staphylococcus nosocomial pneumonia",2,https://www.webmd.com/drugs/2/condition-1827/staphylococcus%20nosocomial%20pneumonia
465,"respiratory syncytial virus infection",2,https://www.webmd.com/drugs/2/condition-212/respiratory%20syncytial%20virus%20infection
466,"skin and skin structure pseudomonas aeruginosa infection",2,https://www.webmd.com/drugs/2/condition-2617/skin%20and%20skin%20structure%20pseudomonas%20aeruginosa%20infection
467,"psoriatic arthritis",2,https://www.webmd.com/drugs/2/condition-2682/psoriatic%20arthritis
468,"malignant melanoma",2,https://www.webmd.com/drugs/2/condition-437/malignant%20melanoma
469,"small lymphocytic lymphoma with 17p deletion",2,https://www.webmd.com/drugs/2/condition-14809/small%20lymphocytic%20lymphoma%20with%2017p%20deletion
470,"prevention of type 2 diabetes mellitus",2,https://www.webmd.com/drugs/2/condition-14041/prevention%20of%20type%202%20diabetes%20mellitus
471,"peripheral t-cell lymphoma",2,https://www.webmd.com/drugs/2/condition-13985/peripheral%20t-cell%20lymphoma
472,"gestational diabetes mellitus",2,https://www.webmd.com/drugs/2/condition-2553/gestational%20diabetes%20mellitus
473,"neoplasm of brain",2,https://www.webmd.com/drugs/2/condition-566/neoplasm%20of%20brain
474,"synergy for staphylococcal osteomyelitis",2,https://www.webmd.com/drugs/2/condition-5738/synergy%20for%20staphylococcal%20osteomyelitis
475,"acute intestinal amebiasis due to entamoeba histolytica",2,https://www.webmd.com/drugs/2/condition-15/acute%20intestinal%20amebiasis%20due%20to%20entamoeba%20histolytica
476,"acute shoulder pain due to tendonitis",2,https://www.webmd.com/drugs/2/condition-2840/acute%20shoulder%20pain%20due%20to%20tendonitis
477,nausea,2,https://www.webmd.com/drugs/2/condition-3223/nausea
478,"neovascular age-related macular degeneration",2,https://www.webmd.com/drugs/2/condition-1177/neovascular%20age-related%20macular%20degeneration
479,"dermatosis of the scalp",2,https://www.webmd.com/drugs/2/condition-2769/dermatosis%20of%20the%20scalp
480,"multiple endocrine neoplasia",2,https://www.webmd.com/drugs/2/condition-554/multiple%20endocrine%20neoplasia
481,"egfr t790m mutation-positive non-small cell lung cancer",2,https://www.webmd.com/drugs/2/condition-14491/egfr%20t790m%20mutation-positive%20non-small%20cell%20lung%20cancer
482,"non-small cell lung cancer with mesenchymal-epithelial transition (met) exon 14 skipping",2,https://www.webmd.com/drugs/2/condition-15206/non-small%20cell%20lung%20cancer%20with%20mesenchymal-epithelial%20transition%20(met)%20exon%2014%20skipping
483,"accelerated phase philadelphia chromosome positive chronic myelocytic leukemia",2,https://www.webmd.com/drugs/2/condition-14444/accelerated%20phase%20philadelphia%20chromosome%20positive%20chronic%20myelocytic%20leukemia
484,psoriasis,2,https://www.webmd.com/drugs/2/condition-2683/psoriasis
485,"metastatic non-small cell lung cancer (nsclc) with egfr exon 21 (l858r) substitution mutation",2,https://www.webmd.com/drugs/2/condition-14609/metastatic%20non-small%20cell%20lung%20cancer%20(nsclc)%20with%20egfr%20exon%2021%20(l858r)%20substitution%20mutation
486,hyperthyroidism,2,https://www.webmd.com/drugs/2/condition-580/hyperthyroidism
487,"type 2 diabetes adjunct in cushing's syndrome",2,https://www.webmd.com/drugs/2/condition-14120/type%202%20diabetes%20adjunct%20in%20cushing's%20syndrome
488,"recurrent calcium renal calculi",2,https://www.webmd.com/drugs/2/condition-2282/recurrent%20calcium%20renal%20calculi
489,"irritable bowel syndrome",2,https://www.webmd.com/drugs/2/condition-2116/irritable%20bowel%20syndrome
490,"chronic heart failure",2,https://www.webmd.com/drugs/2/condition-1578/chronic%20heart%20failure
491,"ocular hypertension",2,https://www.webmd.com/drugs/2/condition-1204/ocular%20hypertension
492,"vasomotor symptoms associated with menopause",2,https://www.webmd.com/drugs/2/condition-2508/vasomotor%20symptoms%20associated%20with%20menopause
493,"focal epilepsy",2,https://www.webmd.com/drugs/2/condition-1103/focal%20epilepsy
494,"supraventricular tachycardia",2,https://www.webmd.com/drugs/2/condition-1542/supraventricular%20tachycardia
495,"chronic hepatitis c - genotype 4",2,https://www.webmd.com/drugs/2/condition-14332/chronic%20hepatitis%20c%20-%20genotype%204
496,"complicated skin and skin structure streptococcus pyogenes infection",2,https://www.webmd.com/drugs/2/condition-2622/complicated%20skin%20and%20skin%20structure%20streptococcus%20pyogenes%20infection
497,"gilles de la tourette syndrome",2,https://www.webmd.com/drugs/2/condition-1012/gilles%20de%20la%20tourette%20syndrome
498,"enterobacter cloacae urinary tract infection",2,https://www.webmd.com/drugs/2/condition-2326/enterobacter%20cloacae%20urinary%20tract%20infection
499,"ccr5 tropic hiv infection",2,https://www.webmd.com/drugs/2/condition-13812/ccr5%20tropic%20hiv%20infection
500,"muscle spasticity of spinal origin",2,https://www.webmd.com/drugs/2/condition-4234/muscle%20spasticity%20of%20spinal%20origin
501,"absence epilepsy",2,https://www.webmd.com/drugs/2/condition-1095/absence%20epilepsy
502,"metastatic colorectal cancer",2,https://www.webmd.com/drugs/2/condition-426/metastatic%20colorectal%20cancer
503,"sulfadiazine toxicity",2,https://www.webmd.com/drugs/2/condition-13638/sulfadiazine%20toxicity
504,"neonatal apnea",2,https://www.webmd.com/drugs/2/condition-2957/neonatal%20apnea
505,"prevention of skeletal related events in multiple myeloma",2,https://www.webmd.com/drugs/2/condition-14791/prevention%20of%20skeletal%20related%20events%20in%20multiple%20myeloma
506,"prevention of invasive pulmonary aspergillosis",2,https://www.webmd.com/drugs/2/condition-13678/prevention%20of%20invasive%20pulmonary%20aspergillosis
507,"ventricular arrhythmias",2,https://www.webmd.com/drugs/2/condition-1574/ventricular%20arrhythmias
508,"depressive disorder following traumatic brain injury",2,https://www.webmd.com/drugs/2/condition-13459/depressive%20disorder%20following%20traumatic%20brain%20injury
509,nocturia,2,https://www.webmd.com/drugs/2/condition-3261/nocturia
510,"pneumonia due to klebsiella pneumoniae",2,https://www.webmd.com/drugs/2/condition-8225/pneumonia%20due%20to%20klebsiella%20pneumoniae
511,"heart failure with reduced ejection fraction",2,https://www.webmd.com/drugs/2/condition-15205/heart%20failure%20with%20reduced%20ejection%20fraction
512,"hormone receptor positive postmenopausal advanced breast cancer",2,https://www.webmd.com/drugs/2/condition-12339/hormone%20receptor%20positive%20postmenopausal%20advanced%20breast%20cancer
513,"cluster headache prevention",2,https://www.webmd.com/drugs/2/condition-13627/cluster%20headache%20prevention
514,"bacterial skin and skin structure infection",2,https://www.webmd.com/drugs/2/condition-2593/bacterial%20skin%20and%20skin%20structure%20infection
515,"basal cell carcinoma of skin",2,https://www.webmd.com/drugs/2/condition-4568/basal%20cell%20carcinoma%20of%20skin
516,erythrasma,2,https://www.webmd.com/drugs/2/condition-112/erythrasma
517,"deficiency of bile acids in bile acid synthesis disorder",2,https://www.webmd.com/drugs/2/condition-14379/deficiency%20of%20bile%20acids%20in%20bile%20acid%20synthesis%20disorder
518,"lead toxicity",2,https://www.webmd.com/drugs/2/condition-3357/lead%20toxicity
519,"duchenne muscular dystrophy due to genetic mutation amenable to exon 51 skipping therapy",2,https://www.webmd.com/drugs/2/condition-14591/duchenne%20muscular%20dystrophy%20due%20to%20genetic%20mutation%20amenable%20to%20exon%2051%20skipping%20therapy
520,"panic disorder",2,https://www.webmd.com/drugs/2/condition-970/panic%20disorder
521,"prevention of glucocorticoid-induced osteoporosis",2,https://www.webmd.com/drugs/2/condition-2902/prevention%20of%20glucocorticoid-induced%20osteoporosis
522,"severe adrenal insufficiency",2,https://www.webmd.com/drugs/2/condition-635/severe%20adrenal%20insufficiency
523,"prevention of hepatitis b reactivation in immunocompromised patient",2,https://www.webmd.com/drugs/2/condition-13905/prevention%20of%20hepatitis%20b%20reactivation%20in%20immunocompromised%20patient
524,"severe myoclonic epilepsy in infancy",2,https://www.webmd.com/drugs/2/condition-14153/severe%20myoclonic%20epilepsy%20in%20infancy
525,"her2 positive gastric carcinoma",2,https://www.webmd.com/drugs/2/condition-14046/her2%20positive%20gastric%20carcinoma
526,"streptococcal infection",2,https://www.webmd.com/drugs/2/condition-123/streptococcal%20infection
527,"postherpetic neuralgia",2,https://www.webmd.com/drugs/2/condition-166/postherpetic%20neuralgia
528,"mixed hyperlipidemia",2,https://www.webmd.com/drugs/2/condition-705/mixed%20hyperlipidemia
529,"prevention of traveler's diarrhea",2,https://www.webmd.com/drugs/2/condition-36/prevention%20of%20traveler's%20diarrhea
530,"duchenne muscular dystrophy",2,https://www.webmd.com/drugs/2/condition-1157/duchenne%20muscular%20dystrophy
531,"prostatic carcinoma",2,https://www.webmd.com/drugs/2/condition-537/prostatic%20carcinoma
532,"metastatic castration-resistant prostate cancer",2,https://www.webmd.com/drugs/2/condition-14066/metastatic%20castration-resistant%20prostate%20cancer
533,"myeloid blast phase philadelphia chromosome positive chronic myelocytic leukemia",2,https://www.webmd.com/drugs/2/condition-14442/myeloid%20blast%20phase%20philadelphia%20chromosome%20positive%20chronic%20myelocytic%20leukemia
534,strongyloidiasis,2,https://www.webmd.com/drugs/2/condition-385/strongyloidiasis
535,"hemophilia a",2,https://www.webmd.com/drugs/2/condition-848/hemophilia%20a
536,schistosomiasis,2,https://www.webmd.com/drugs/2/condition-358/schistosomiasis
537,"staphylococcus epidermidis skin and skin structure infection",2,https://www.webmd.com/drugs/2/condition-2599/staphylococcus%20epidermidis%20skin%20and%20skin%20structure%20infection
538,"carcinoid syndrome diarrhea",2,https://www.webmd.com/drugs/2/condition-14654/carcinoid%20syndrome%20diarrhea
539,"weight loss management for obese patient (body mass index 30 or greater)",2,https://www.webmd.com/drugs/2/condition-14346/weight%20loss%20management%20for%20obese%20patient%20(body%20mass%20index%2030%20or%20greater)
540,croup,2,https://www.webmd.com/drugs/2/condition-1756/croup
541,"staph aureus traumatic skin lesion infection",2,https://www.webmd.com/drugs/2/condition-3334/staph%20aureus%20traumatic%20skin%20lesion%20infection
542,"methicillin-resistant staphylococcus aureus nasal colonization",2,https://www.webmd.com/drugs/2/condition-128/methicillin-resistant%20staphylococcus%20aureus%20nasal%20colonization
543,"dyspareunia due to menopause-associated vulvovaginal atrophy",2,https://www.webmd.com/drugs/2/condition-13942/dyspareunia%20due%20to%20menopause-associated%20vulvovaginal%20atrophy
544,"chronic hepatitis c - genotype 2",2,https://www.webmd.com/drugs/2/condition-14330/chronic%20hepatitis%20c%20-%20genotype%202
545,"encephalitis due to toxoplasmosis",2,https://www.webmd.com/drugs/2/condition-8933/encephalitis%20due%20to%20toxoplasmosis
546,"acute pain",2,https://www.webmd.com/drugs/2/condition-14398/acute%20pain
547,"oral ulcers associated with behcet's disease",2,https://www.webmd.com/drugs/2/condition-14986/oral%20ulcers%20associated%20with%20behcet's%20disease
548,"refractory extrinsic asthma",2,https://www.webmd.com/drugs/2/condition-13787/refractory%20extrinsic%20asthma
549,"systemic-onset juvenile idiopathic arthritis",2,https://www.webmd.com/drugs/2/condition-14354/systemic-onset%20juvenile%20idiopathic%20arthritis
550,"acute hypotension",2,https://www.webmd.com/drugs/2/condition-1710/acute%20hypotension
551,"local anesthesia for ophthalmologic procedure",2,https://www.webmd.com/drugs/2/condition-11711/local%20anesthesia%20for%20ophthalmologic%20procedure
552,"philadelphia chromosome positive acute lymphoblastic leukemia",2,https://www.webmd.com/drugs/2/condition-13661/philadelphia%20chromosome%20positive%20acute%20lymphoblastic%20leukemia
553,"spinal muscular atrophy",2,https://www.webmd.com/drugs/2/condition-14627/spinal%20muscular%20atrophy
554,paronychia,2,https://www.webmd.com/drugs/2/condition-2586/paronychia
555,"diabetes mellitus with severe insulin resistance",2,https://www.webmd.com/drugs/2/condition-14043/diabetes%20mellitus%20with%20severe%20insulin%20resistance
556,"oligoarticular juvenile idiopathic arthritis",2,https://www.webmd.com/drugs/2/condition-14982/oligoarticular%20juvenile%20idiopathic%20arthritis
557,"suppression of the gag reflex",2,https://www.webmd.com/drugs/2/condition-1788/suppression%20of%20the%20gag%20reflex
558,"administration of local anesthesia",2,https://www.webmd.com/drugs/2/condition-3026/administration%20of%20local%20anesthesia
559,"skin irritation",2,https://www.webmd.com/drugs/2/condition-3119/skin%20irritation
560,"pediculosis prevention",2,https://www.webmd.com/drugs/2/condition-402/pediculosis%20prevention
561,"right-sided staphylococcus aureus endocarditis",2,https://www.webmd.com/drugs/2/condition-13649/right-sided%20staphylococcus%20aureus%20endocarditis
562,"primary biliary cholangitis",2,https://www.webmd.com/drugs/2/condition-4382/primary%20biliary%20cholangitis
563,"squamous cell carcinoma of lung",2,https://www.webmd.com/drugs/2/condition-14365/squamous%20cell%20carcinoma%20of%20lung
564,"non-infectious uveitis affecting the posterior segment of eye",2,https://www.webmd.com/drugs/2/condition-14044/non-infectious%20uveitis%20affecting%20the%20posterior%20segment%20of%20eye
565,"high-risk neuroblastoma",2,https://www.webmd.com/drugs/2/condition-14364/high-risk%20neuroblastoma
566,"acute myeloid leukemia with isocitrate dehydrogenase-2 (idh2) mutation",2,https://www.webmd.com/drugs/2/condition-14731/acute%20myeloid%20leukemia%20with%20isocitrate%20dehydrogenase-2%20(idh2)%20mutation
567,"homozygous familial hypercholesterolemia",2,https://www.webmd.com/drugs/2/condition-702/homozygous%20familial%20hypercholesterolemia
568,"idiopathic pulmonary fibrosis",2,https://www.webmd.com/drugs/2/condition-14644/idiopathic%20pulmonary%20fibrosis
569,"endometrial carcinoma",1,
570,"Lyme disease",1,
571,autism,1,
572,agoraphobia,1,
573,hyperthyroidism,1,
574,"pharyngoconjunctival fever",1,
575,"hypokalemic periodic paralysis",1,
576,vomiting,1,
577,"irritable bowel syndrome",1,
578,"LettererSiwe disease",1,
579,hyperaemia,1,
580,"tuberculous meningitis",1,
581,constipation,1,
582,rickettsiosis,1,
583,"hyperkalemic periodic paralysis",1,
584,neuroretinitis,1,
585,"urea cycle disorder",1,
586,"West Nile encephalitis",1,
587,osteoarthritis,1,
588,"hypereosinophilic syndrome",1,
589,"transient cerebral isolation",1,
590,"bladder disease",1,
591,dermatomycosis,1,
592,"tongue squamous cell carcinoma",1,
593,"polymyalgia rheumatica",1,
594,"Crohn's colitis",1,
595,"neurotic disorder",1,
596,"kidney disease",1,
597,schistosomiasis,1,
598,giardiasis,1,
599,"diabetic retinopathy",1,
600,"Ovarian cancer",1,
601,"HFE hereditary haemochromatosis",1,
602,"subacute delirium",1,
603,"type-2 diabetes",1,
604,indigestion,1,
605,"childhood absence epilepsy",1,
606,"tinea cruris",1,
607,"malignant hypertension",1,
608,"erectile dysfunction",1,
609,"Kuhnt-Junius degeneration",1,
610,keratoconjunctivitis,1,
611,"autoimmune thyroiditis",1,
612,"migraine disorder",1,
613,"neurogenic bladder",1,
614,anuria,1,
615,"chronic obstructive pulmonary disease",1,
616,hyperglycemia,1,
617,"carcinoma of gallbladder and extrahepatic biliary tract",1,
618,"skin squamous cell carcinoma",1,
619,"seasonal allergic rhinitis",1,
620,"cerebral infarction",1,
621,"chronic lymphocytic leukemia",1,
622,"maxillary sinusitis",1,
623,"bacterial vaginosis",1,
624,"supraventricular tachycardia",1,
625,dermatitis,1,
626,erythrasma,1,
627,"vasculogenic impotence",1,
628,fusariosis,1,
629,conjunctivitis,1,
630,hypertriglyceridemia,1,
631,amnesia,1,
632,"status epilepticus",1,
633,"familial adenomatous polyposis",1,
634,"legionnaires' disease",1,
635,"soft-tissue sarcoma",1,
636,"bacterial conjunctivitis",1,
637,"arterial hypertension",1,
638,"neuroendocrine carcinoma",1,
639,"respiratory disease",1,
640,"parasitic protozoa infectious disease",1,
641,"urinary tract infection",1,
642,"prostate cancer",1,
643,"cystic fibrosis",1,
644,radiculopathy,1,
645,"testicular germ cell tumor non-seminomatous",1,
646,"hemolytic-uremic syndrome",1,
647,"giant papillary conjunctivitis",1,
648,"treatment-resistant depression",1,
649,"endometrial hyperplasia",1,
650,"bacterial pneumonia",1,
651,"acute hemorrhagic conjunctivitis",1,
652,"spinal muscular atrophy",1,
653,Extravasation,1,
654,bursitis,1,
655,arthritis,1,
656,"dental abscess",1,
657,"multiple system atrophy",1,
658,arthropathy,1,
659,"head and neck cancer",1,
660,"autoimmune hepatitis",1,
661,"acute graft versus host disease",1,
662,neurodermatitis,1,
663,"Islet cell carcinoma",1,
664,ancylostomiasis,1,
665,ischemia,1,
666,"invasive ductal carcinoma",1,
667,"Kaposi's sarcoma",1,
668,"mature T-cell and NK-cell lymphoma",1,
669,"Portopulmonary hypertension",1,
670,trypanosomiasis,1,
671,"B-cell lymphoma",1,
672,"pulmonary hypertension",1,
673,"prolactin producing pituitary tumor",1,
674,iritis,1,
675,"nicotine dependence",1,
676,elephantiasis,1,
677,Babesiosis,1,
678,"systemic scleroderma",1,
679,botulism,1,
680,"systemic mycosis",1,
681,"hepatocellular carcinoma",1,
682,insomnia,1,
683,cellulitis,1,
684,anxiety,1,
685,"precursor B-cell acute lymphoblastic leukemia",1,
686,hypersalivation,1,
687,"Bellini duct carcinoma",1,
688,"gestational trophoblastic neoplasm",1,
689,"systemic lupus erythematosus",1,
690,"rotator cuff tear",1,
691,endocarditis,1,
692,"hypopharynx cancer",1,
693,bronchitis,1,
694,"opiate dependence",1,
695,"hematopoietic system diseases",1,
696,histiocytosis,1,
697,"secondary hyperparathyroidism",1,
698,"anogenital venereal wart",1,
699,"eating disorder",1,
700,"progressive multifocal leukoencephalopathy",1,
701,"oral candidiasis",1,
702,"bipolar disorder",1,
703,"herpes simplex",1,
704,"cutaneous T cell lymphoma",1,
705,"uterus leiomyosarcoma",1,
706,"acute respiratory distress syndrome",1,
707,"Hodgkin lymphoma",1,
708,anasarca,1,
709,"urinary incontinence",1,
710,hyperuricemia,1,
711,necrosis,1,
712,neutropenia,1,
713,"Fabry disease",1,
714,"mycobacterium infectious disease",1,
715,"bone fracture",1,
716,macroglobulinemia,1,
717,"tonicclonic seizure",1,
718,"mental depression",1,
719,"carcinoid syndrome",1,
720,"tardive dyskinesia",1,
721,"airway obstruction",1,
722,microsporidiosis,1,
723,"systemic-onset juvenile idiopathic arthritis",1,
724,angiomyolipoma,1,
725,"Takayasu's arteritis",1,
726,fatigue,1,
727,"ovarian carcinoma",1,
728,"interstitial lung disease",1,
729,"cerebral artery occlusion",1,
730,"gram-negative bacterial infection",1,
731,"familial hyperlipidemia",1,
732,"fungal infectious disease",1,
733,"autosomal dominant familial periodic fever",1,
734,"orthostatic hypotension",1,
735,"vasomotor rhinitis",1,
736,"rare breast tumor",1,
737,prolactinoma,1,
738,"premenstrual syndrome",1,
739,"germ cell cancer",1,
740,hepatitis,1,
741,"chronic mucocutaneous candidiasis",1,
742,"infective endocarditis",1,
743,lymphosarcoma,1,
744,"laryngeal cancer",1,
745,"pulmonary tuberculosis",1,
746,"vernal conjunctivitis",1,
747,"bladder cancer",1,
748,"ear disease",1,
749,proctitis,1,
750,spasm,1,
751,clonorchiasis,1,
752,"parkinsonian syndrome",1,
753,"trophoblastic neoplasm",1,
754,sporotrichosis,1,
755,meningioma,1,
756,"beta-thalassemia HBB/LCRB",1,
757,"lung small cell carcinoma",1,
758,"bipolar I disorder",1,
759,"anthrax septicemia",1,
760,"beta thalassemia",1,
761,trachoma,1,
762,"adrenal gland cancer",1,
763,"lipid storage disease",1,
764,"pernicious anemia",1,
765,"non-Hodgkin lymphoma",1,
766,"Clostridium difficile intestinal infectious disease",1,
767,"psoriatic arthritis",1,
768,"septic shock",1,
769,"peritoneum cancer",1,
770,"tongue cancer",1,
771,aspergillosis,1,
772,histoplasmosis,1,
773,"vulvovaginal candidiasis",1,
774,blepharitis,1,
775,"chronic kidney disease",1,
776,"myelodysplastic syndrome",1,
777,"connective tissue disease",1,
778,"chronic myeloid leukemia",1,
779,"urination disorder",1,
780,chickenpox,1,
781,"rare hereditary hemochromatosis",1,
782,"neuroleptic malignant syndrome",1,
783,myelofibrosis,1,
784,hyperkalemia,1,
785,choriocarcinoma,1,
786,"coarctation of the aorta",1,
787,"diffuse large B-cell lymphoma",1,
788,hyperphosphatemia,1,
789,"appendix cancer",1,
790,prostatitis,1,
791,"obstructive lung disease",1,
792,"unstable angina",1,
793,"genital herpes",1,
794,erythroblastopenia,1,
795,"polycystic ovary syndrome",1,
796,"pulmonary emphysema",1,
797,pneumonia,1,
798,"kidney angiomyolipoma",1,
799,goiter,1,
800,"connective tissue benign neoplasm",1,
801,"hepatitis E",1,
802,baldness,1,
803,"renovascular hypertension",1,
804,dysarthria,1,
805,"agitation in dementia",1,
806,cramp,1,
807,pneumocystosis,1,
808,"pulmonary valve stenosis",1,
809,"brain ischemia",1,
810,"paroxysmal tachycardia",1,
811,inflammation,1,
812,"transient tic disorder",1,
813,"primary progressive multiple sclerosis",1,
814,"mental disorder",1,
815,"skin disease",1,
816,coccidioidomycosis,1,
817,"renal pelvis carcinoma",1,
818,"duodenal ulcer",1,
819,"panic disorder",1,
820,"hemorrhagic disease",1,
821,"gastric adenocarcinoma",1,
822,gingivitis,1,
823,myxedema,1,
824,dysentery,1,
825,osteosarcoma,1,
826,"obsessive-compulsive disorder",1,
827,"Hodgkin's lymphoma, mixed cellularity",1,
828,"neurogenic shock",1,
829,"exudative vitreoretinopathy 1",1,
830,"borderline personality disorder",1,
831,"Clostridium difficile colitis",1,
832,keloid,1,
833,"pancreatic adenocarcinoma",1,
834,"respiratory distress",1,
835,"hypogonadotropic hypogonadism 7 with or without anosmia",1,
836,phlebitis,1,
837,"chronic pulmonary heart disease",1,
838,rickets,1,
839,tetanus,1,
840,"heart arrhythmia",1,
841,enterobiasis,1,
842,dystonia,1,
843,"secondary progressive multiple sclerosis",1,
844,"hand dermatosis",1,
845,"gastrointestinal stromal tumor",1,
846,anemia,1,
847,plasmacytoma,1,
848,"female reproductive system disease",1,
849,"malignant hyperthermia",1,
850,listeriosis,1,
851,"tinea corporis",1,
852,cholangitis,1,
853,"facial paralysis",1,
854,"atrial flutter",1,
855,"typhoid fever",1,
856,"Pseudomonas infection",1,
857,"glycogen storage disease II",1,
858,"familial retinoblastoma",1,
859,"mixed glioma",1,
860,"retinal vein occlusion",1,
861,"staphylococcal infection",1,
862,"MHC class II deficiency",1,
863,polycythemia,1,
864,"spindle cell carcinoma",1,
865,gonorrhea,1,
866,hypotrichosis,1,
867,"infectious bone disease",1,
868,"lepromatous leprosy",1,
869,enthesopathy,1,
870,"granulomatosis with polyangiitis",1,
871,"Wolff-Parkinson-White syndrome",1,
872,"autoimmune disease",1,
873,"diabetic nephropathy",1,
874,"type-1 diabetes",1,
875,"focal segmental glomerulosclerosis",1,
876,"follicular adenoma",1,
877,"benign neoplasm of brain",1,
878,"thyroid medullary carcinoma",1,
879,"congestive heart failure",1,
880,"gout attack",1,
881,hepatoblastoma,1,
882,"chronic myelomonocytic leukemia",1,
883,"uterine cancer",1,
884,"brain cancer",1,
885,"rectum adenocarcinoma",1,
886,"silent stroke",1,
887,"ventricular tachycardia",1,
888,necatoriasis,1,
889,catatonia,1,
890,"rare thyroid disease",1,
891,"postoperative complications",1,
892,"thyroid carcinoma",1,
893,hyperprolactinemia,1,
894,angioedema,1,
895,"congenital adrenal hyperplasia",1,
896,"lupus nephritis",1,
897,uveitis,1,
898,"plasmablastic lymphoma",1,
899,epilepsy,1,
900,hypotension,1,
901,"blood coagulation disease",1,
902,"corneal deposit",1,
903,dementia,1,
904,"patent ductus arteriosus",1,
905,"neuromyelitis optica",1,
906,"alcohol abuse",1,
907,"restless legs syndrome",1,
908,"cutaneous candidiasis",1,
909,mastocytosis,1,
910,"alcoholic neuropathy",1,
911,acne,1,
912,"Cor pulmonale",1,
913,"sexual dysfunction",1,
914,"transplant rejection",1,
915,"Ophthalmic zoster",1,
916,"atrial fibrillation",1,
917,"colon cancer",1,
918,hyperthermia,1,
919,thrombogavitis,1,
920,"early myoclonic encephalopathy",1,
921,"eye disease",1,
922,"kidney cancer",1,
923,amenorrhea,1,
924,"Klinefelter's syndrome",1,
925,"thrombotic thrombocytopenic purpura",1,
926,"pituitary carcinoma",1,
927,"intracranial hypertension",1,
928,"ocular hypertension",1,
929,"short bowel syndrome",1,
930,"stomach cancer",1,
931,"stomach disease",1,
932,HIV/AIDS,1,
933,"thyroid cancer",1,
934,hemorrhoid,1,
935,"tinea pedis",1,
936,"rare urinary tract tumor",1,
937,"small intestine carcinoma",1,
938,"ZollingerEllison syndrome",1,
939,"inflammatory myopathy",1,
940,"heroin dependence",1,
941,"sleep disorder",1,
942,"bile duct carcinoma",1,
943,tuberculosis,1,
944,neuroblastoma,1,
945,"mercury poisoning",1,
946,"precursor T-lymphoblastic lymphoma/leukemia",1,
947,polymyositis,1,
948,acropustulosis,1,
949,candidiasis,1,
950,thrombocytopenia,1,
951,"obsolete Staphylococcus aureus septicemia",1,
952,"graft-versus-host disease",1,
953,"focal epilepsy",1,
954,"postpartum depression",1,
955,photodermatitis,1,
956,hypoglycemia,1,
957,"AIDS dementia complex",1,
958,cystinosis,1,
959,"pachyonychia congenita",1,
960,anorexia,1,
961,"acute leukemia",1,
962,"chlamydia infection",1,
963,"small intestine carcinoid neuroendocrine tumor",1,
964,"testicular disease",1,
965,"EpsteinBarr virus infection",1,
966,amyloidosis,1,
967,"prostate disease",1,
968,obesity,1,
969,"skin infection",1,
970,periodontitis,1,
971,"peptic ulcer disease",1,
972,"contact dermatitis",1,
973,fibromyalgia,1,
974,"temporal lobe epilepsy",1,
975,cardiomyopathy,1,
976,"Crimean-Congo hemorrhagic fever",1,
977,"nail infection",1,
978,nasopharyngitis,1,
979,"bacteroides infectious disease",1,
980,"peroneal nerve paralysis",1,
981,gastroenteritis,1,
982,"epidermolysis bullosa",1,
983,"spastic monoplegia",1,
984,enuresis,1,
985,leishmaniasis,1,
986,psoriasis,1,
987,thalassemia,1,
988,"nasal polyps",1,
989,"hypogonadism, male",1,
990,"bronchopulmonary dysplasia",1,
991,"angina pectoris",1,
992,"spinal cord injury",1,
993,"erythema nodosum",1,
994,pain,1,
995,"Gaucher's disease",1,
996,"Wilson disease",1,
997,"alopecia areata",1,
998,"bladder neck obstruction",1,
999,glaucoma,1,
1000,"heart disease",1,
1001,"congenital heart disease",1,
1002,"anal carcinoma",1,
1003,"iron deficiency anemia",1,
1004,rosacea,1,
1005,"DRESS syndrome",1,
1006,"lipid metabolism disorder",1,
1007,"ankylosing spondylitis",1,
1008,"Escherichia coli infectious disease",1,
1009,"multiple sclerosis",1,
1010,"nephrotic syndrome",1,
1011,"Herpes simplex virus meningoencephalitis",1,
1012,"thrombotic microangiopathy",1,
1013,cystitis,1,
1014,"musculoskeletal disorder",1,
1015,"urethral obstruction",1,
1016,"hyperlipoproteinemia type V",1,
1017,"delayed puberty",1,
1018,neurodegeneration,1,
1019,"benign mesothelioma",1,
1020,cachexia,1,
1021,"hiatus hernia",1,
1022,"lymphoblastic leukemia",1,
1023,"mouth disease",1,
1024,"liver cirrhosis",1,
1025,"staphylococcal septicemia",1,
1026,"Waldenstrm's macroglobulinemia",1,
1027,"common cold",1,
1028,"lower back pain",1,
1029,"pulmonary sarcoidosis",1,
1030,"metastatic melanoma",1,
1031,"pulmonary edema",1,
1032,"upper respiratory tract infection",1,
1033,"Conn's syndrome",1,
1034,"peroxisomal disease",1,
1035,"vascular dementia",1,
1036,"obsolete streptococcal pharyngitis",1,
1037,onychomycosis,1,
1038,"alveolar rhabdomyosarcoma",1,
1039,"dermatitis herpetiformis",1,
1040,"cerebral edema",1,
1041,"social phobia",1,
1042,osteoporosis,1,
1043,"T-cell lymphoma",1,
1044,"Giant cell arteritis",1,
1045,"glycogen storage disease",1,
1046,"influenza, severe, susceptibility to",1,
1047,"adrenal cortex cancer",1,
1048,"impulse control disorder",1,
1049,"fallopian tube carcinoma",1,
1050,"paranasal sinus disease",1,
1051,"Parkinson's disease",1,
1052,"food allergy",1,
1053,diverticulitis,1,
1054,photophobia,1,
1055,"coronary artery disease",1,
1056,"congenital adrenal hyperplasia due to 3 beta-hydroxysteroid dehydrogenase deficiency",1,
1057,cryptosporidiosis,1,
1058,"cutaneous lupus erythematosus",1,
1059,"closed head injury",1,
1060,cryoglobulinemia,1,
1061,"connective tissue neoplasm",1,
1062,"tyrosinemia type III",1,
1063,"Anaplastic thyroid cancer",1,
1064,"membranoproliferative glomerulonephritis",1,
1065,injury,1,
1066,"Post-transplant lymphoproliferative disorder",1,
1067,"heart valve disease",1,
1068,"personality disorder",1,
1069,"primary biliary cirrhosis",1,
1070,"herpes simplex virus keratitis",1,
1071,"acute bronchitis",1,
1072,"iron overload",1,
1073,"Churg-Strauss syndrome",1,
1074,"multiple myeloma",1,
1075,"migraine without aura",1,
1076,"autoimmune thrombocytopenic purpura",1,
1077,"scalp dermatosis",1,
1078,"cribriform carcinoma",1,
1079,"seborrhoeic dermatitis",1,
1080,"prostatic hypertrophy",1,
1081,"subarachnoid hemorrhage",1,
1082,"eye inflammation",1,
1083,"spindle cell sarcoma",1,
1084,"renal cell carcinoma",1,
1085,"ectopic pregnancy",1,
1086,rhabdomyosarcoma,1,
1087,"cystoid macular edema",1,
1088,"malignant pleural mesothelioma",1,
1089,"Refractory cytopenia with multilineage dysplasia",1,
1090,"Cushing's syndrome",1,
1091,hypoparathyroidism,1,
1092,lipedema,1,
1093,"esophageal cancer",1,
1094,"lead poisoning",1,
1095,ascariasis,1,
1096,"pervasive developmental disorder",1,
1097,melanoma,1,
1098,"Plasma cell leukemia",1,
1099,"motion sickness",1,
1100,lymphoma,1,
1101,schizophrenia,1,
1102,"diabetic polyneuropathy",1,
1103,"long QT syndrome",1,
1104,"pelvic inflammatory diseases",1,
1105,"carotid artery stenosis",1,
1106,"Bartter disease",1,
1107,"glucose intolerance",1,
1108,"Erdheim-Chester disease",1,
1109,"anxiety disorder",1,
1110,vitiligo,1,
1111,"Addison's disease",1,
1112,"multidrug-resistant tuberculosis",1,
1113,"synovial sarcoma",1,
1114,esophagitis,1,
1115,"anterior uveitis",1,
1116,"leg dermatosis",1,
1117,strongyloidiasis,1,
1118,"schizophreniform disorder",1,
1119,pemphigus,1,
1120,peritonitis,1,
1121,"lice infestation",1,
1122,impetigo,1,
1123,"respiratory allergy",1,
1124,"adrenal cortical hypofunction",1,
1125,cyanosis,1,
1126,"hepatitis C",1,
1127,thrombophilia,1,
1128,"splenic disease",1,
1129,diphtheria,1,
1130,"Lewy body dementia",1,
1131,"mycosis fungoides",1,
1132,"desmoid disease, hereditary",1,
1133,"lipoid nephrosis",1,
1134,"functional gastrointestinal disorder",1,
1135,"pancreatic ductal carcinoma",1,
1136,"hepatitis B",1,
1137,"complex regional pain syndrome",1,
1138,"eczematous skin disease",1,
1139,"opioid use disorder",1,
1140,"gastrointestinal carcinoma",1,
1141,"medial epicondylitis",1,
1142,"reactive arthritis",1,
1143,"benign pleural mesothelioma",1,
1144,gastroparesis,1,
1145,"Tourette syndrome",1,
1146,"otitis media",1,
1147,"pulmonary embolism",1,
1148,"lymph node tuberculosis",1,
1149,"juvenile rheumatoid arthritis",1,
1150,"AIDS-related Kaposi's sarcoma",1,
1151,"rheumatic fever",1,
1152,asthma,1,
1153,"colorectal cancer",1,
1154,atherosclerosis,1,
1155,"esophageal candidiasis",1,
1156,"iron metabolism disease",1,
1157,"subependymal giant cell astrocytoma",1,
1158,"seborrheic infantile dermatitis",1,
1159,hyperparathyroidism,1,
1160,"visual epilepsy",1,
1161,encephalitis,1,
1162,"chromosome 5q deletion syndrome",1,
1163,filariasis,1,
1164,"autoimmune hemolytic anemia",1,
1165,toxoplasmosis,1,
1166,"granuloma annulare",1,
1167,"psychologic dyspareunia",1,
1168,"Mycobacterium avium-intracellulare infection",1,
1169,"secondary neoplasm",1,
1170,"thyroid cancer, nonmedullary, 1",1,
1171,"Aneurysmal bone cyst",1,
1172,"Ewing's sarcoma",1,
1173,"testicular malignant germ cell cancer",1,
1174,spondylitis,1,
1175,"portal hypertension",1,
1176,"rectosigmoid cancer",1,
1177,burn,1,
1178,"Alzheimer's disease",1,
1179,keratitis,1,
1180,hypercalcemia,1,
1181,leprosy,1,
1182,"amyotrophic lateral sclerosis",1,
1183,"oropharynx cancer",1,
1184,"Raynaud disease",1,
1185,"pancreatic cancer",1,
1186,malaria,1,
1187,"macular retinal edema",1,
1188,"anal squamous cell carcinoma",1,
1189,"precursor T-cell acute lymphoblastic leukemia",1,
1190,"non-small-cell lung carcinoma",1,
1191,"Guttate psoriasis",1,
1192,"Pruritus ani",1,
1193,mansonelliasis,1,
1194,thyrotoxicosis,1,
1195,urticaria,1,
1196,bacteriuria,1,
1197,"conduct disorder",1,
1198,brucellosis,1,
1199,cysticercosis,1,
1200,"Plasmodium falciparum malaria",1,
1201,orchitis,1,
1202,narcolepsy,1,
1203,anaphylaxis,1,
1204,"intermittent explosive disorder",1,
1205,"collagen disease",1,
1206,"brain diseases",1,
1207,laryngitis,1,
1208,"acute promyelocytic leukemia",1,
1209,"anaplastic large-cell lymphoma",1,
1210,"corneal disease",1,
1211,glomerulonephritis,1,
1212,"breast cancer",1,
1213,enteritis,1,
1214,rhinitis,1,
1215,"rheumatoid arthritis",1,
1216,polyarthritis,1,
1217,"Microscopic polyangiitis",1,
1218,tachycardia,1,
1219,"pneumococcal infection",1,
1220,acromegaly,1,
1221,psychosis,1,
1222,"esophageal disease",1,
1223,"anaplastic astrocytoma",1,
1224,"atopic dermatitis",1,
1225,spasticity,1,
1226,"palindromic rheumatism",1,
1227,"mucopolysaccharidosis I",1,
1228,"common wart",1,
1229,"lymphoid leukemia",1,
1230,"paroxysmal nocturnal hemoglobinuria",1,
1231,sepsis,1,
1232,stomatitis,1,
1233,"uterine disease",1,
1234,"aphthous stomatitis",1,
1235,hematochezia,1,
1236,"Helicobacter pylori infectious disease",1,
1237,"head and neck squamous cell carcinoma",1,
1238,"retinal disease",1,
1239,"oppositional defiant disorder",1,
1240,"gastroesophageal reflux disease",1,
1241,olosis,1,
1242,"myasthenia gravis",1,
1243,urethritis,1,
1244,"venous ulcer",1,
1245,"rectum cancer",1,
1246,"septic arthritis",1,
1247,"actinic keratosis",1,
1248,"von Willebrand's disease",1,
1249,"substance use disorder",1,
1250,"lung oat cell carcinoma",1,
1251,"follicular lymphoma",1,
1252,"gum cancer",1,
1253,COVID-19,1,
1254,"tonsil cancer",1,
1255,"phosphorus metabolism disease",1,
1256,lymphangioleiomyomatosis,1,
1257,anthrax,1,
1258,"periodontal disease",1,
1259,hypersensitivity,1,
1260,"pituitary-dependent Cushing's disease",1,
1261,"skin cancer",1,
1262,"allergic rhinitis",1,
1263,"mantle cell lymphoma",1,
1264,"gastric ulcer",1,
1265,"pulmonary cryptococcosis",1,
1266,"bronchus carcinoma",1,
1267,pericarditis,1,
1268,"mood disorder",1,
1269,"visceral leishmaniasis",1,
1270,blastomycosis,1,
1271,"pityriasis versicolor",1,
1272,"complex partial seizure",1,
1273,chancroid,1,
1274,endometriosis,1,
1275,"hypoplastic left heart syndrome",1,
1276,"sigmoid disease",1,
1277,keratosis,1,
1278,"acute myeloid leukemia",1,
1279,cancer,1,
1280,"neuroendocrine tumor",1,
1281,pharyngitis,1,
1282,"bone disease",1,
1283,"ampulla of Vater cancer",1,
1284,cystinuria,1,
1285,bradycardia,1,
1286,pellagra,1,
1287,"basal-cell carcinoma",1,
1288,"lung benign neoplasm",1,
1289,gastritis,1,
1290,"congenital hypoplastic anemia",1,
1291,"tetralogy of Fallot",1,
1292,"lung carcinoma in situ",1,
1293,"optic neuritis",1,
1294,"thyroid crisis",1,
1295,"spinal stenosis",1,
1296,"anaplastic astrocytoma of adult",1,
1297,"angle-closure glaucoma",1,
1298,"ulcerative colitis",1,
1299,"kidney infection",1,
1300,"trigeminal neuralgia",1,
1301,"Huntington disease",1,
1302,"urinary retention",1,
1303,"chronic fatigue syndrome",1,
1304,scabies,1,
1305,dermatophytosis,1,
1306,abscess,1,
1307,"cardiac arrest",1,
1308,"candidal endocarditis",1,
1309,paracoccidioidomycosis,1,
1310,leukemia,1,
1311,"generalized anxiety disorder",1,
1312,"neurological disorder",1,
1313,"postoperative nausea and vomiting",1,
1314,"infant gynecomastia",1,
1315,"sleep-wake disorder",1,
1316,"early-onset Alzheimer's disease",1,
1317,"pyoderma gangrenosum",1,
1318,opisthorchiasis,1,
1319,"polycythemia vera",1,
1320,gout,1,
1321,"bullous pemphigoid",1,
1322,"Chronic recurrent multifocal osteomyelitis",1,
1323,"acute coronary syndrome",1,
1324,"acute myocardial infarction",1,
1325,"psoriasis-related juvenile idiopathic arthritis",1,
1326,"central nervous system lymphoma",1,
1327,"Merkel cell carcinoma",1,
1328,"transitional cell carcinoma",1,
1329,"renal clear cell carcinoma",1,
1330,"chronic primary adrenal insufficiency",1,
1331,"megaloblastic anemia",1,
1332,"Cytomegalovirus retinitis",1,
1333,adenomyosis,1,
1334,"post-traumatic stress disorder",1,
1335,"refractory anemia with excess blasts in transformation",1,
1336,"uterine sarcoma",1,
1337,"substance abuse",1,
1338,"low-grade astrocytoma",1,
1339,"swine influenza",1,
1340,"mucopolysaccharidosis II",1,
1341,cough,1,
1342,"allergic bronchopulmonary aspergillosis",1,
1343,otitis,1,
1344,"bubonic plague",1,
1345,"colon adenocarcinoma",1,
1346,thrombophlebitis,1,
1347,sinusitis,1,
1348,"hairy cell leukemia",1,
1349,"Serratia infection",1,
1350,"porphyria cutanea tarda",1,
1351,"frontal lobe epilepsy",1,
1352,"bacterial meningitis",1,
1353,meningitis,1,
1354,"corneal ulcer",1,
1355,chromoblastomycosis,1,
1356,"diabetes insipidus",1,
1357,osteomyelitis,1,
1358,hiccups,1,
1359,"maturity-onset diabetes of the young type 2",1,
1360,campylobacteriosis,1,
1361,"relapsing polychondritis",1,
1362,"neuroblastoma, susceptibility to",1,
1363,"migraine with aura",1,
1364,"osteoarthritis susceptibility 1",1,
1365,"intellectual disability",1,
1366,"carcinoid tumor",1,
1367,"opportunistic infection",1,
1368,"tricuspid atresia",1,
1369,trichuriasis,1,
1370,"bacterial infectious disease",1,
1371,"colonic benign neoplasm",1,
1372,"human immunodeficiency virus infectious disease",1,
1373,infertility,1,
1374,onchocerciasis,1,
1375,tremor,1,
1376,phaeochromocytoma,1,
1377,amebiasis,1,
1378,bleeding,1,
1379,Ganguester,1,
1380,"Castleman's disease",1,
1381,"secondary hyperparathyroidism of renal origin",1,
1382,actinomycosis,1,
1383,heartburn,1,
1384,"kidney failure",1,
1385,"T-cell prolymphocytic leukemia",1,
1386,"major depressive disorders",1,
1387,"essential thrombocytosis",1,
1388,arteriosclerosis,1,
1389,"bulimia nervosa",1,
1390,"ventricular fibrillation",1,
1391,"colonic disease",1,
1392,hypogonadism,1,
1393,"relapsing-remitting multiple sclerosis",1,
1394,"squamous cell carcinoma of the lung",1,
1395,"inappropriate ADH syndrome",1,
1396,"pituitary deficiency",1,
1397,"herpes zoster",1,
1398,"familial hypercholesterolemia",1,
1399,"ischaemic heart disease",1,
1400,"Myoclonic epilepsy",1,
1401,"facial dermatosis",1,
1402,Tinea,1,
1403,iridocyclitis,1,
1404,thrombosis,1,
1405,"trachea carcinoma",1,
1406,glioblastoma,1,
1407,"large intestine cancer",1,
1408,"peripheral neuropathy",1,
1409,cryptococcosis,1,
1410,epididymitis,1,
1411,"chronic hepatitis B",1,
1412,"coronary thrombosis",1,
1413,"varicella zoster infection",1,
1414,"respiratory syncytial virus infectious disease",1,
1415,"tuberous sclerosis 1",1,
1416,"hematologic cancer",1,
1417,"microscopic colitis",1,
1418,"Behet's disease",1,
1419,"lung disease",1,
1420,dyspnea,1,
1421,bronchiectasis,1,
1422,"liver disease",1,
1423,colitis,1,
1424,"IgA glomerulonephritis",1,
1425,"plantar fasciitis",1,
1426,tonsillitis,1,
1427,"anorexia nervosa",1,
1428,"peptic esophagitis",1,
1429,agranulocytosis,1,
1430,"myocardial infarction",1,
1431,"postencephalitic Parkinson disease",1,
1432,osteomalacia,1,
1433,"miliary tuberculosis",1,
1434,"sickle-cell disease",1,
1435,influenza,1,
1436,"bladder urothelial carcinoma",1,
1437,"rare dyslipidemia",1,
1438,"thymus cancer",1,
1439,"essential hypertension",1,
1440,"open-angle glaucoma",1,
1441,"schizoaffective disorder",1,
1442,mucopolysaccharidosis,1,
1443,"pityriasis rubra pilaris",1,
1444,"arterial occlusive disease",1,
1445,"inflammatory bowel diseases",1,
1446,"cardiac asthma",1,
1447,"myeloproliferative disorders",1,
1448,"infantile epileptic encephalopathy",1,
1449,pyelonephritis,1,
1450,"testicular cancer",1,
1451,"postmenopausal osteoporosis",1,
1452,"Duchenne muscular dystrophy",1,
1453,"bone sarcoma",1,
1454,"status asthmaticus",1,
1455,"primary mediastinal B-cell lymphoma",1,
1456,"cytomegaloviral disease",1,
1457,"essential tremor",1,
1458,"attention deficit hyperactivity disorder",1,
1459,"cryptococcal meningitis",1,
1460,"Acquired hemophilia",1,
1461,pertussis,1,
1462,"Kawasaki disease",1,
1463,hypersomnia,1,
1464,hypokalemia,1,
1465,"membranous glomerulonephritis",1,
1466,"Sjgren's syndrome",1,
1467,"diabetes mellitus",1,
1468,hypothyroidism,1,
